state,state_code,county_code,county,date,timezone,injuries_direct,injuries_indirect,deaths_direct,deaths_indirect,damage,f_scale,length,width,latitude,longitude
ALABAMA,1,75,LAMAR,30-JAN-13 04:33:00,CST-6,0,0,0,0,0.00K,EF1,3.83,300,33.87,-88.23
ALABAMA,1,57,FAYETTE,30-JAN-13 05:18:00,CST-6,0,0,0,0,0.00K,EF1,6.5,500,33.73,-87.9
ALABAMA,1,127,WALKER,30-JAN-13 05:42:00,CST-6,0,0,0,0,0.00K,EF0,4.9,200,33.93,-87.5
ALABAMA,1,133,WINSTON,30-JAN-13 05:50:00,CST-6,0,0,0,0,0.00K,EF1,10.39,1000,34.06,-87.37
ALABAMA,1,133,WINSTON,30-JAN-13 06:01:00,CST-6,0,0,0,0,0.00K,EF1,4.2,300,34.21,-87.18
ALABAMA,1,43,CULLMAN,30-JAN-13 06:04:00,CST-6,0,0,0,0,50.00K,EF1,2.22,300,34.23,-87.11
ALABAMA,1,129,WASHINGTON,10-FEB-13 17:00:00,CST-6,0,0,0,0,30.00K,EF1,6.5,200,31.54,-88.16
ALABAMA,1,25,CLARKE,10-FEB-13 17:10:00,CST-6,0,0,0,0,30.00K,EF1,7.75,200,31.59,-88.06
ALABAMA,1,25,CLARKE,10-FEB-13 17:26:00,CST-6,0,0,0,0,10.00K,EF1,0.91,80,31.62,-87.85
ALABAMA,1,33,COLBERT,18-MAR-13 13:10:00,CST-6,0,0,0,0,,EF0,1.6,100,34.73,-87.5
ALABAMA,1,95,MARSHALL,18-MAR-13 14:41:00,CST-6,0,0,0,0,,EF0,2.68,300,34.2,-86.15
ALABAMA,1,95,MARSHALL,18-MAR-13 14:41:00,CST-6,0,0,0,0,,EF1,1.43,160,34.27,-86.13
ALABAMA,1,49,DEKALB,18-MAR-13 14:43:00,CST-6,0,0,0,0,,EF2,5.95,350,34.46,-85.99
ALABAMA,1,49,DEKALB,18-MAR-13 14:43:00,CST-6,7,0,0,0,,EF2,2.78,220,34.27,-86.11
ALABAMA,1,55,ETOWAH,18-MAR-13 14:43:00,CST-6,3,0,0,0,0.00K,EF1,5.27,300,34.2,-86.11
ALABAMA,1,107,PICKENS,11-APR-13 11:48:00,CST-6,0,0,0,0,0.00K,EF1,12.37,1050,33.27,-88.31
ALABAMA,1,127,WALKER,11-APR-13 13:45:00,CST-6,0,0,0,0,0.00K,EF1,5.49,500,33.92,-87.54
ALABAMA,1,133,WINSTON,11-APR-13 13:57:00,CST-6,0,0,0,0,0.00K,EF1,2.63,250,34.01,-87.43
ALABAMA,1,133,WINSTON,11-APR-13 14:10:00,CST-6,0,0,0,0,0.00K,EF1,1.17,300,34.14,-87.32
ALABAMA,1,133,WINSTON,11-APR-13 14:26:00,CST-6,1,0,0,0,0.00K,EF1,0.38,50,34.19,-87.12
ALABAMA,1,7,BIBB,11-APR-13 15:18:00,CST-6,0,0,0,0,0.00K,EF1,20.16,800,32.85,-87.17
ALABAMA,1,89,MADISON,11-APR-13 15:20:00,CST-6,0,0,0,0,,EF1,6.58,300,34.61,-86.64
ALABAMA,1,89,MADISON,11-APR-13 15:32:00,CST-6,0,0,0,0,,EF1,1.34,75,34.7,-86.5
ALABAMA,1,97,MOBILE,11-APR-13 16:29:00,CST-6,0,0,0,0,1.50M,EF1,0.81,75,30.51,-88.15
ALABAMA,1,87,MACON,11-APR-13 19:34:00,CST-6,1,0,0,0,0.00K,EF2,4.87,200,32.53,-85.74
ALABAMA,1,81,LEE,11-APR-13 19:43:00,CST-6,0,0,0,0,0.00K,EF0,0.22,52,32.59,-85.7
ALABAMA,1,83,LIMESTONE,17-MAY-13 13:00:00,CST-6,0,0,0,0,50.00K,EF0,2.04,50,34.76,-86.97
ALABAMA,1,83,LIMESTONE,17-MAY-13 13:45:00,CST-6,0,0,0,0,100.00K,EF0,0.15,50,34.95,-86.88
ARIZONA,4,17,NAVAJO,15-JUL-13 19:00:00,MST-7,0,0,0,0,0.00K,EF0,0.1,10,35.03,-110.69
ARKANSAS,5,33,CRAWFORD,29-JAN-13 14:57:00,CST-6,0,0,0,0,20.00K,EF2,6.6,700,35.63,-94.47
ARKANSAS,5,143,WASHINGTON,29-JAN-13 15:34:00,CST-6,0,0,0,0,500.00K,EF1,4.2,400,36.02,-94.06
ARKANSAS,5,87,MADISON,29-JAN-13 15:57:00,CST-6,0,0,0,0,250.00K,EF1,2,350,36.3,-93.7
ARKANSAS,5,119,PULASKI,29-JAN-13 20:01:00,CST-6,0,0,0,0,10.00K,EF0,5.25,50,34.5,-92.1
ARKANSAS,5,43,DREW,29-JAN-13 20:51:00,CST-6,0,0,0,0,20.00K,EF0,3.57,50,33.65,-91.74
ARKANSAS,5,91,MILLER,18-FEB-13 15:30:00,CST-6,0,0,0,0,0.00K,EF0,0.01,20,33.32,-93.75
ARKANSAS,5,141,VAN BUREN,10-APR-13 15:24:00,CST-6,5,0,0,0,3.50M,EF2,17.26,800,35.49,-92.57
ARKANSAS,5,65,IZARD,10-APR-13 16:44:00,CST-6,0,0,0,0,350.00K,EF2,1.24,100,36.01,-92.1
ARKANSAS,5,137,STONE,10-APR-13 16:51:00,CST-6,0,0,0,0,200.00K,EF1,4.14,300,35.75,-92.28
ARKANSAS,5,79,LINCOLN,10-APR-13 19:26:00,CST-6,0,0,0,0,500.00K,EF1,6.72,400,33.82,-91.68
ARKANSAS,5,3,ASHLEY,18-APR-13 14:08:00,CST-6,0,0,0,0,20.00K,EF1,4.25,150,33.04,-91.97
ARKANSAS,5,17,CHICOT,18-APR-13 15:38:00,CST-6,0,0,0,0,0.00K,EF0,0.45,50,33.08,-91.23
ARKANSAS,5,143,WASHINGTON,20-MAY-13 17:45:00,CST-6,0,0,0,0,100.00K,EF1,2.2,500,36.04,-94.54
ARKANSAS,5,7,BENTON,20-MAY-13 17:49:00,CST-6,0,0,0,0,50.00K,EF1,2.9,500,36.2,-94.57
ARKANSAS,5,7,BENTON,20-MAY-13 18:24:00,CST-6,0,0,0,0,50.00K,EF1,0.8,270,36.32,-93.93
ARKANSAS,5,113,POLK,30-MAY-13 13:08:00,CST-6,0,0,0,0,35.00K,EF1,0.8,200,34.62,-94.37
ARKANSAS,5,97,MONTGOMERY,30-MAY-13 14:00:00,CST-6,2,0,0,0,250.00K,EF2,3.37,400,34.6,-93.83
ARKANSAS,5,109,PIKE,30-MAY-13 14:03:00,CST-6,0,0,0,0,10.00K,EF1,1.48,300,34.21,-93.57
ARKANSAS,5,109,PIKE,30-MAY-13 14:16:00,CST-6,0,0,0,0,5.00K,EF1,0.79,200,34.28,-93.49
ARKANSAS,5,19,CLARK,30-MAY-13 14:17:00,CST-6,5,0,0,0,125.00K,EF2,4.08,300,34.29,-93.48
ARKANSAS,5,97,MONTGOMERY,30-MAY-13 14:27:00,CST-6,0,0,0,0,10.00K,EF1,3.26,300,34.34,-93.44
ARKANSAS,5,59,HOT SPRING,30-MAY-13 14:34:00,CST-6,0,0,0,0,5.00K,EF1,0.87,100,34.38,-93.41
ARKANSAS,5,51,GARLAND,30-MAY-13 14:35:00,CST-6,0,0,0,0,100.00K,EF1,8.7,300,34.6,-93.26
ARKANSAS,5,113,POLK,30-MAY-13 14:44:00,CST-6,5,0,0,0,285.00K,EF2,5.2,800,34.41,-94.46
ARKANSAS,5,51,GARLAND,30-MAY-13 14:49:00,CST-6,0,0,0,0,500.00K,EF1,7.16,300,34.47,-93.32
ARKANSAS,5,113,POLK,30-MAY-13 15:32:00,CST-6,0,0,0,0,75.00K,EF1,2.43,200,34.28,-94.3
ARKANSAS,5,97,MONTGOMERY,30-MAY-13 17:10:00,CST-6,0,0,0,0,15.00K,EF1,3.22,200,34.45,-93.8
ARKANSAS,5,125,SALINE,30-MAY-13 18:46:00,CST-6,0,0,0,0,25.00K,EF1,1.72,250,34.79,-92.81
ARKANSAS,5,119,PULASKI,30-MAY-13 20:13:00,CST-6,0,0,0,0,150.00K,EF1,0.16,150,34.89,-92.39
ARKANSAS,5,53,GRANT,30-MAY-13 20:36:00,CST-6,0,0,1,0,25.00K,EF1,0.36,200,34.44,-92.58
ARKANSAS,5,95,MONROE,30-MAY-13 23:25:00,CST-6,0,0,0,0,25.00K,EF1,0.36,100,34.82,-91.25
ARKANSAS,5,95,MONROE,30-MAY-13 23:50:00,CST-6,1,0,0,0,100.00K,EF1,2.29,200,34.89,-91.17
ARKANSAS,5,123,ST. FRANCIS,30-MAY-13 23:55:00,CST-6,0,0,0,0,50.00K,EF1,1.02,100,34.91,-91.14
ARKANSAS,5,87,MADISON,01-JUN-13 00:54:00,CST-6,0,0,0,0,75.00K,EF1,1,250,35.84,-93.75
ARKANSAS,5,35,CRITTENDEN,05-JUN-13 19:02:00,CST-6,0,0,0,0,0.00K,EF0,0.39,25,,
ARKANSAS,5,31,CRAIGHEAD,31-OCT-13 18:37:00,CST-6,0,0,0,0,500.00K,EF1,3.69,300,35.75,-90.38
ARKANSAS,5,69,JEFFERSON,20-DEC-13 18:33:00,CST-6,0,0,0,0,100.00K,EF0,1.48,150,34.43,-92.19
ARKANSAS,5,123,ST. FRANCIS,21-DEC-13 15:13:00,CST-6,3,0,1,0,500.00K,EF2,15.57,300,34.91,-90.56
ARKANSAS,5,17,CHICOT,21-DEC-13 16:51:00,CST-6,2,0,0,0,100.00K,EF1,2.32,440,33.51,-91.36
ARKANSAS,5,41,DESHA,21-DEC-13 16:53:00,CST-6,0,0,0,0,100.00K,EF1,5.04,440,33.53,-91.33
ARKANSAS,5,17,CHICOT,21-DEC-13 16:58:00,CST-6,0,0,0,0,100.00K,EF1,0.85,440,33.55,-91.24
CALIFORNIA,6,103,TEHAMA,19-FEB-13 13:28:00,PST-8,0,0,0,0,20.00K,EF0,0.5,50,40.05,-122.14
CALIFORNIA,6,11,COLUSA,19-FEB-13 14:00:00,PST-8,0,0,0,0,0.00K,EF0,0.26,50,39.24,-122.26
CALIFORNIA,6,103,TEHAMA,04-APR-13 17:59:00,PST-8,0,0,0,0,0.00K,EF0,0.82,50,40.15,-122.22
CALIFORNIA,6,29,KERN,06-MAY-13 18:10:00,PST-8,0,0,0,0,0.00K,EF0,0.44,15,35.38,-119.05
CALIFORNIA,6,71,SAN BERNARDINO,18-AUG-13 13:00:00,PST-8,0,0,0,0,0.00K,EF0,1.02,3,,
COLORADO,8,63,KIT CARSON,08-APR-13 17:17:00,MST-7,0,0,0,0,0.00K,EF0,0.1,10,39.57,-102.1
COLORADO,8,121,WASHINGTON,08-APR-13 18:24:00,MST-7,0,0,0,0,0.00K,EF0,0.1,50,40.16,-103.4
COLORADO,8,121,WASHINGTON,08-APR-13 18:42:00,MST-7,0,0,0,0,0.00K,EF0,0.2,50,39.96,-103.32
COLORADO,8,121,WASHINGTON,08-APR-13 19:51:00,MST-7,0,0,0,0,0.00K,EF0,0.1,50,40.16,-103.36
COLORADO,8,99,PROWERS,08-MAY-13 12:54:00,MST-7,0,0,0,0,0.00K,EF0,0.1,75,38.1,-102.43
COLORADO,8,3,ALAMOSA,20-MAY-13 15:53:00,MST-7,0,0,0,0,0.00K,EF0,0.1,75,37.68,-106.01
COLORADO,8,17,CHEYENNE,27-MAY-13 14:38:00,MST-7,0,0,0,0,0.00K,EF0,0.25,50,38.94,-102.17
COLORADO,8,17,CHEYENNE,27-MAY-13 14:49:00,MST-7,0,0,0,0,0.00K,EF0,0.25,50,38.94,-102.17
COLORADO,8,17,CHEYENNE,27-MAY-13 15:37:00,MST-7,0,0,0,0,0.00K,EF0,0.25,50,38.92,-102.35
COLORADO,8,103,RIO BLANCO,29-MAY-13 08:50:00,MST-7,0,0,0,0,0.00K,EF0,1,40,40.2,-108.33
COLORADO,8,89,OTERO,04-JUN-13 16:13:00,MST-7,0,0,0,0,0.00K,EF0,2.19,100,37.69,-103.53
COLORADO,8,73,LINCOLN,04-JUN-13 16:53:00,MST-7,0,0,0,0,0.00K,EF0,0.1,50,38.62,-103.58
COLORADO,8,121,WASHINGTON,13-JUN-13 16:53:00,MST-7,0,0,0,0,0.00K,EF0,0.1,50,39.92,-102.9
COLORADO,8,121,WASHINGTON,13-JUN-13 17:15:00,MST-7,0,0,0,0,0.00K,EF0,0.1,50,40.26,-103.21
COLORADO,8,121,WASHINGTON,13-JUN-13 17:32:00,MST-7,0,0,0,0,0.00K,EF0,0.1,50,40.36,-103.1
COLORADO,8,63,KIT CARSON,17-JUN-13 15:49:00,MST-7,0,0,0,0,0.00K,EF0,0.25,50,39.16,-102.65
COLORADO,8,89,OTERO,17-JUN-13 16:34:00,MST-7,0,0,0,0,0.00K,EF0,6.04,100,38.07,-103.53
COLORADO,8,31,DENVER,18-JUN-13 13:21:00,MST-7,0,0,0,0,,EF1,2.4,75,39.83,-104.64
COLORADO,8,99,PROWERS,25-JUL-13 13:20:00,MST-7,0,0,0,0,0.00K,EF0,1.09,100,37.67,-102.38
COLORADO,8,9,BACA,25-JUL-13 14:09:00,MST-7,0,0,0,0,0.00K,EF0,1.1,75,37.51,-102.3
COLORADO,8,87,MORGAN,03-AUG-13 13:00:00,MST-7,0,0,0,0,0.00K,EF0,0.1,50,40.27,-103.79
COLORADO,8,121,WASHINGTON,03-AUG-13 14:37:00,MST-7,0,0,0,0,0.00K,EF0,0.1,50,39.61,-103.58
COLORADO,8,73,LINCOLN,03-AUG-13 15:07:00,MST-7,0,0,0,0,0.00K,EF0,0.1,50,39.39,-103.5
COLORADO,8,123,WELD,03-AUG-13 15:17:00,MST-7,0,0,0,0,5.00K,EF0,0.1,50,40.48,-104.74
COLORADO,8,123,WELD,03-AUG-13 15:29:00,MST-7,0,0,0,0,0.00K,EF0,0.1,50,40.39,-104.83
COLORADO,8,123,WELD,03-AUG-13 16:24:00,MST-7,0,0,0,0,0.00K,EF0,0.1,50,40.14,-104.55
COLORADO,8,123,WELD,03-AUG-13 16:40:00,MST-7,0,0,0,0,0.00K,EF0,0.1,50,40.05,-105.05
CONNECTICUT,9,1,FAIRFIELD,01-JUL-13 09:58:00,EST-5,0,0,0,0,0.00K,EF0,3.7,150,41.1,-73.63
CONNECTICUT,9,3,HARTFORD,01-JUL-13 12:28:00,EST-5,0,0,0,0,5.00M,EF1,2.07,200,41.9,-72.65
CONNECTICUT,9,3,HARTFORD,01-JUL-13 12:45:00,EST-5,0,0,0,0,25.00K,EF0,0.86,50,41.98,-72.52
CONNECTICUT,9,13,TOLLAND,10-JUL-13 16:20:00,EST-5,0,0,0,0,50.00K,EF1,10.87,100,41.72,-72.41
DELAWARE,10,3,NEW CASTLE,10-JUN-13 15:47:00,EST-5,0,0,0,0,,EF0,0.87,150,39.65,-75.74
FLORIDA,12,99,PALM BEACH,14-FEB-13 16:33:00,EST-5,0,0,0,0,1.00K,EF0,0.03,10,26.51,-80.08
FLORIDA,12,37,FRANKLIN,25-FEB-13 13:22:00,EST-5,0,0,0,0,0.00K,EF0,0.01,20,29.68,-84.88
FLORIDA,12,57,HILLSBOROUGH,26-FEB-13 11:12:00,EST-5,0,0,0,0,35.00K,EF0,0.73,50,27.94,-82.46
FLORIDA,12,87,MONROE,05-APR-13 01:10:00,EST-5,0,0,0,0,30.00K,EF0,1.56,80,24.64,-81.35
FLORIDA,12,37,FRANKLIN,14-APR-13 14:30:00,EST-5,0,0,0,0,20.00K,EF0,1.86,10,29.75,-84.89
FLORIDA,12,9,BREVARD,14-APR-13 19:42:00,EST-5,0,0,0,0,,EF0,0.33,100,28.38,-80.74
FLORIDA,12,9,BREVARD,14-APR-13 20:11:00,EST-5,0,0,0,0,,EF0,0.55,100,28.27,-80.75
FLORIDA,12,99,PALM BEACH,30-APR-13 12:56:00,EST-5,0,0,0,0,,EF0,0.14,10,26.58,-80.04
FLORIDA,12,99,PALM BEACH,02-MAY-13 12:25:00,EST-5,0,0,0,0,,EF0,0.4,50,26.38,-80.08
FLORIDA,12,109,ST. JOHNS,04-MAY-13 20:14:00,EST-5,0,0,0,0,500.00K,EF0,0.91,200,,
FLORIDA,12,99,PALM BEACH,06-JUN-13 02:18:00,EST-5,0,0,0,0,,EF0,0.62,25,26.67,-80.67
FLORIDA,12,99,PALM BEACH,06-JUN-13 05:45:00,EST-5,1,0,0,0,,EF1,2,100,26.78,-80.25
FLORIDA,12,11,BROWARD,06-JUN-13 07:05:00,EST-5,0,0,0,0,0.00K,EF0,8.02,25,26.22,-80.44
FLORIDA,12,99,PALM BEACH,06-JUN-13 07:20:00,EST-5,0,0,0,0,0.00K,EF0,6.43,25,26.33,-80.44
FLORIDA,12,103,PINELLAS,06-JUN-13 09:03:00,EST-5,0,0,0,0,20.00K,EF0,1.87,50,27.74,-82.71
FLORIDA,12,115,SARASOTA,06-JUN-13 10:13:00,EST-5,0,0,0,0,10.00K,EF0,1.64,50,27.03,-82.41
FLORIDA,12,71,LEE,06-JUN-13 13:05:00,EST-5,0,0,0,0,0.00K,EF0,0.26,30,26.75,-81.76
FLORIDA,12,81,MANATEE,06-JUN-13 13:49:00,EST-5,0,0,0,0,50.00K,EF0,1.51,50,27.33,-82.16
FLORIDA,12,57,HILLSBOROUGH,06-JUN-13 14:47:00,EST-5,0,0,0,0,36.00K,EF0,2.35,50,27.7,-82.34
FLORIDA,12,31,DUVAL,06-JUN-13 15:48:00,EST-5,0,0,0,0,,EF1,18.89,704,,
FLORIDA,12,121,SUWANNEE,06-JUN-13 16:07:00,EST-5,0,0,0,0,,EF0,3.17,100,,
FLORIDA,12,103,PINELLAS,24-JUN-13 19:24:00,EST-5,0,0,0,0,,EF0,1.91,10,27.87,-82.61
FLORIDA,12,103,PINELLAS,25-JUN-13 20:00:00,EST-5,0,0,0,0,2.00K,EF0,0.14,5,27.72,-82.73
FLORIDA,12,103,PINELLAS,01-JUL-13 16:50:00,EST-5,0,0,0,0,10.00K,EF0,0.06,20,,
FLORIDA,12,91,OKALOOSA,05-JUL-13 13:00:00,CST-6,0,0,0,0,5.00K,EF0,0.29,40,,
FLORIDA,12,81,MANATEE,09-JUL-13 17:33:00,EST-5,1,0,0,0,20.00K,EF0,0.23,15,,
FLORIDA,12,81,MANATEE,15-JUL-13 17:40:00,EST-5,0,0,0,0,0.00K,EF0,1.2,5,,
FLORIDA,12,11,BROWARD,19-JUL-13 14:45:00,EST-5,3,0,0,0,0.00K,EF0,0.1,10,26.24,-80.09
FLORIDA,12,109,ST. JOHNS,21-JUL-13 13:30:00,EST-5,0,0,0,0,,EF0,0.05,20,29.8,-81.55
FLORIDA,12,33,ESCAMBIA,22-JUL-13 17:30:00,CST-6,0,0,0,0,4.50K,EF0,0.01,30,,
FLORIDA,12,11,BROWARD,23-JUL-13 11:45:00,EST-5,0,0,0,0,10.00K,EF0,0.01,10,26.09,-80.17
FLORIDA,12,47,HAMILTON,31-JUL-13 18:35:00,EST-5,0,0,0,0,,EF0,0.01,10,30.42,-83.18
FLORIDA,12,31,DUVAL,01-AUG-13 15:15:00,EST-5,0,1,0,0,500.00K,EF1,1.93,100,30.35,-81.51
FLORIDA,12,99,PALM BEACH,16-SEP-13 10:10:00,EST-5,0,0,0,0,1.00K,EF0,0.07,10,,
FLORIDA,12,57,HILLSBOROUGH,08-OCT-13 14:24:00,EST-5,0,0,0,0,0.00K,EF0,0.25,30,27.83,-82.52
FLORIDA,12,45,GULF,26-NOV-13 09:00:00,CST-6,0,0,0,0,200.00K,EF1,2.92,50,30.09,-85.19
FLORIDA,12,77,LIBERTY,26-NOV-13 10:13:00,EST-5,0,0,0,0,0.00K,EF0,4.23,50,30.18,-85.12
FLORIDA,12,35,FLAGLER,14-DEC-13 19:00:00,EST-5,0,0,0,0,5.00M,EF1,9.52,150,29.52,-81.31
GEORGIA,13,15,BARTOW,30-JAN-13 11:12:00,EST-5,9,0,1,0,60.00M,EF3,5.06,900,34.34,-84.95
GEORGIA,13,129,GORDON,30-JAN-13 11:21:00,EST-5,8,0,0,0,15.00M,EF3,16.72,900,34.4,-84.9
GEORGIA,13,123,GILMER,30-JAN-13 12:05:00,EST-5,0,0,0,0,25.00K,EF1,3.13,300,34.82,-84.43
GEORGIA,13,111,FANNIN,30-JAN-13 12:08:00,EST-5,1,0,0,0,160.00K,EF1,8.64,900,34.85,-84.39
GEORGIA,13,7,BAKER,30-JAN-13 18:09:00,EST-5,0,0,0,0,15.00K,EF0,1.19,25,31.31,-84.35
GEORGIA,13,177,LEE,30-JAN-13 18:12:00,EST-5,0,0,0,0,1.00K,EF0,1.51,25,31.64,-84.16
GEORGIA,13,125,GLASCOCK,05-MAR-13 19:02:00,EST-5,0,0,0,0,250.00K,EF1,1.54,150,33.27,-82.61
GEORGIA,13,199,MERIWETHER,18-MAR-13 17:10:00,EST-5,0,0,0,0,125.00K,EF2,9.33,300,33.14,-84.68
GEORGIA,13,231,PIKE,18-MAR-13 17:25:00,EST-5,0,0,0,0,160.00K,EF2,4.01,300,33.1,-84.52
GEORGIA,13,33,BURKE,18-MAR-13 20:01:00,EST-5,0,0,0,0,120.00K,EF1,5.85,220,32.96,-82.16
GEORGIA,13,143,HARALSON,11-APR-13 17:23:00,EST-5,0,0,0,0,30.00K,EF0,5.7,150,33.67,-85.31
GEORGIA,13,233,POLK,11-APR-13 18:01:00,EST-5,0,0,0,0,15.00K,EF0,0.36,25,33.99,-85
GEORGIA,13,187,LUMPKIN,11-APR-13 20:23:00,EST-5,0,0,0,0,300.00K,EF1,0.76,250,34.45,-83.93
GEORGIA,13,139,HALL,11-APR-13 20:24:00,EST-5,0,0,0,0,10.00K,EF1,0.88,250,34.46,-83.92
GEORGIA,13,187,LUMPKIN,11-APR-13 20:25:00,EST-5,0,0,0,0,15.00K,EF1,2.43,250,34.47,-83.91
GEORGIA,13,217,NEWTON,19-APR-13 12:12:00,EST-5,1,0,0,0,500.00K,EF2,7.64,175,33.51,-83.75
GEORGIA,13,211,MORGAN,19-APR-13 12:21:00,EST-5,0,0,0,0,2.50K,EF0,3.4,75,33.53,-83.68
GEORGIA,13,77,COWETA,28-APR-13 12:30:00,EST-5,0,0,0,0,60.00K,EF0,0.14,50,33.29,-84.76
GEORGIA,13,151,HENRY,28-APR-13 14:20:00,EST-5,0,0,0,0,20.00K,EF0,1.05,100,33.47,-84.04
GEORGIA,13,181,LINCOLN,28-APR-13 17:08:00,EST-5,0,0,0,0,12.00K,EF0,1.24,40,33.65,-82.46
GEORGIA,13,57,CHEROKEE,13-JUN-13 18:00:00,EST-5,2,0,0,0,60.00K,EF1,8.5,75,34.27,-84.56
GEORGIA,13,57,CHEROKEE,13-JUN-13 18:30:00,EST-5,0,0,0,0,2.50K,EF0,0.11,10,34.08,-84.52
GEORGIA,13,67,COBB,13-JUN-13 18:31:00,EST-5,0,0,0,0,300.00K,EF0,10.46,200,34.08,-84.52
GEORGIA,13,121,FULTON,13-JUN-13 18:41:00,EST-5,0,0,0,0,60.00K,EF1,2.36,100,33.97,-84.38
GEORGIA,13,149,HEARD,18-AUG-13 18:41:00,EST-5,0,0,0,0,9.00K,EF1,0.4,15,33.41,-85.28
IDAHO,16,51,JEFFERSON,07-MAY-13 15:10:00,MST-7,0,0,0,0,0.00K,EF0,1.17,5,43.9,-112.49
IDAHO,16,53,JEROME,08-MAY-13 16:20:00,MST-7,0,0,0,0,0.00K,EF0,1,20,42.8,-114.41
IDAHO,16,39,ELMORE,26-MAY-13 13:10:00,MST-7,0,0,0,0,0.00K,EF0,3.92,50,43.19,-115.88
IDAHO,16,7,BEAR LAKE,07-JUL-13 18:30:00,MST-7,0,0,0,0,0.00K,EF0,1,10,42.23,-111.32
IDAHO,16,43,FREMONT,17-SEP-13 13:45:00,MST-7,0,0,0,0,0.00K,EF0,0.5,10,,
IDAHO,16,33,CLARK,17-SEP-13 13:47:00,MST-7,0,0,0,0,0.00K,EF0,0.5,10,,
ILLINOIS,17,55,FRANKLIN,29-JAN-13 21:38:00,CST-6,0,0,0,0,0.00K,EF0,0.58,75,37.97,-89.11
ILLINOIS,17,165,SALINE,29-JAN-13 22:16:00,CST-6,2,0,0,0,200.00K,EF2,0.97,125,37.84,-88.62
ILLINOIS,17,53,FORD,18-APR-13 07:36:00,CST-6,0,0,0,0,15.00K,EF0,0.57,20,,
ILLINOIS,17,21,CHRISTIAN,09-MAY-13 16:41:00,CST-6,0,0,0,0,0.00K,EF0,0.55,20,39.52,-89.19
ILLINOIS,17,15,CARROLL,19-MAY-13 19:02:00,CST-6,0,0,0,0,0.00K,EF0,0.1,50,42,-89.99
ILLINOIS,17,117,MACOUPIN,20-MAY-13 21:14:00,CST-6,3,0,0,0,0.00K,EF2,0.2,75,39.07,-89.73
ILLINOIS,17,63,GRUNDY,28-MAY-13 19:18:00,CST-6,0,0,0,0,5.00K,EF0,1.85,20,41.26,-88.39
ILLINOIS,17,161,ROCK ISLAND,30-MAY-13 15:44:00,CST-6,0,0,0,0,40.00K,EF0,1.25,150,41.43,-90.73
ILLINOIS,17,195,WHITESIDE,30-MAY-13 16:35:00,CST-6,0,0,0,0,0.00K,EF0,0.57,25,41.66,-89.98
ILLINOIS,17,119,MADISON,31-MAY-13 19:29:00,CST-6,0,0,0,0,0.00K,EF3,8.63,150,38.81,-90.12
ILLINOIS,17,117,MACOUPIN,31-MAY-13 19:49:00,CST-6,0,0,0,0,,EF2,1.47,150,39.13,-89.83
ILLINOIS,17,135,MONTGOMERY,31-MAY-13 20:02:00,CST-6,0,0,0,0,,EF1,4.26,50,39.33,-89.68
ILLINOIS,17,115,MACON,31-MAY-13 21:03:00,CST-6,0,0,0,0,500.00K,EF1,1.99,100,39.86,-88.99
ILLINOIS,17,183,VERMILION,31-MAY-13 22:24:00,CST-6,0,0,0,0,50.00K,EF1,0.49,70,40.02,-87.6
ILLINOIS,17,37,DE KALB,12-JUN-13 15:32:00,CST-6,0,0,0,0,20.00K,EF1,2.27,100,41.73,-88.89
ILLINOIS,17,85,JO DAVIESS,12-JUN-13 17:50:00,CST-6,0,0,0,0,0.00K,EF0,0.5,20,42.22,-90.24
ILLINOIS,17,15,CARROLL,12-JUN-13 17:53:00,CST-6,1,0,0,0,0.00K,EF2,6.6,880,42.17,-90.15
ILLINOIS,17,197,WILL,12-JUN-13 18:50:00,CST-6,0,0,0,0,35.00K,EF0,0.24,50,41.29,-87.91
ILLINOIS,17,73,HENRY,24-JUN-13 15:00:00,CST-6,0,0,0,0,50.00K,EF1,6.21,50,41.43,-90.01
ILLINOIS,17,103,LEE,24-JUN-13 15:32:00,CST-6,0,0,0,0,10.00K,EF0,2.79,100,41.7,-89.56
ILLINOIS,17,11,BUREAU,24-JUN-13 15:33:00,CST-6,0,0,0,0,10.00K,EF0,0.63,75,41.56,-89.34
ILLINOIS,17,29,COLES,29-JUN-13 13:05:00,CST-6,0,0,0,0,4.00K,EF0,0.14,20,39.58,-88.41
ILLINOIS,17,185,WABASH,01-JUL-13 18:41:00,CST-6,0,0,0,0,0.00K,EF0,0.8,50,38.4,-87.89
ILLINOIS,17,191,WAYNE,02-JUL-13 17:55:00,CST-6,0,0,0,0,0.00K,EF0,0.67,50,38.45,-88.28
ILLINOIS,17,99,LA SALLE,01-SEP-13 17:42:00,CST-6,0,0,0,0,0.00K,EF0,1.63,50,,
ILLINOIS,17,3,ALEXANDER,31-OCT-13 18:20:00,CST-6,0,0,0,0,100.00K,EF0,1.24,200,37.3,-89.51
ILLINOIS,17,3,ALEXANDER,31-OCT-13 18:35:00,CST-6,0,0,0,0,10.00K,EF1,2.67,50,37.32,-89.27
ILLINOIS,17,153,PULASKI,31-OCT-13 18:40:00,CST-6,0,0,0,0,10.00K,EF1,3.84,50,37.32,-89.22
ILLINOIS,17,199,WILLIAMSON,31-OCT-13 18:51:00,CST-6,0,0,0,0,40.00K,EF1,6.43,175,37.61,-88.83
ILLINOIS,17,87,JOHNSON,31-OCT-13 18:56:00,CST-6,0,0,0,0,30.00K,EF1,0.7,50,37.33,-88.97
ILLINOIS,17,165,SALINE,31-OCT-13 18:59:00,CST-6,0,0,0,0,70.00K,EF1,3.47,175,37.61,-88.71
ILLINOIS,17,143,PEORIA,17-NOV-13 10:52:00,CST-6,0,0,0,0,40.00K,EF0,0.16,100,40.58,-89.66
ILLINOIS,17,179,TAZEWELL,17-NOV-13 10:53:00,CST-6,10,0,0,0,45.00M,EF2,2.1,100,40.58,-89.65
ILLINOIS,17,179,TAZEWELL,17-NOV-13 10:59:00,CST-6,121,0,3,0,910.00M,EF4,14.16,880,40.62,-89.57
ILLINOIS,17,203,WOODFORD,17-NOV-13 11:12:00,CST-6,4,0,0,0,25.00M,EF3,20.7,880,40.75,-89.35
ILLINOIS,17,117,MACOUPIN,17-NOV-13 11:30:00,CST-6,0,0,0,0,0.00K,EF0,2.11,20,39.23,-89.73
ILLINOIS,17,135,MONTGOMERY,17-NOV-13 11:33:00,CST-6,0,0,0,0,0.00K,EF0,1.87,50,39.26,-89.7
ILLINOIS,17,99,LA SALLE,17-NOV-13 11:33:00,CST-6,0,0,0,0,150.00K,EF2,6.53,200,40.93,-89.04
ILLINOIS,17,105,LIVINGSTON,17-NOV-13 11:41:00,CST-6,0,0,0,0,75.00K,EF2,4.97,200,40.98,-88.93
ILLINOIS,17,105,LIVINGSTON,17-NOV-13 11:43:00,CST-6,0,0,0,0,0.00K,EF0,2.6,50,40.96,-88.93
ILLINOIS,17,27,CLINTON,17-NOV-13 11:47:00,CST-6,0,0,0,0,0.00K,EF1,0.37,50,38.71,-89.52
ILLINOIS,17,189,WASHINGTON,17-NOV-13 12:04:00,CST-6,2,0,2,0,,EF4,10.59,200,38.42,-89.45
ILLINOIS,17,189,WASHINGTON,17-NOV-13 12:13:00,CST-6,0,0,0,0,0.00K,EF1,3.58,100,38.48,-89.25
ILLINOIS,17,21,CHRISTIAN,17-NOV-13 12:15:00,CST-6,0,0,0,0,300.00K,EF1,2.52,100,39.4,-89.08
ILLINOIS,17,27,CLINTON,17-NOV-13 12:16:00,CST-6,0,0,0,0,0.00K,EF0,1.18,20,38.51,-89.19
ILLINOIS,17,51,FAYETTE,17-NOV-13 12:22:00,CST-6,0,0,0,0,0.00K,EF2,8.5,200,39,-88.93
ILLINOIS,17,63,GRUNDY,17-NOV-13 12:22:00,CST-6,5,0,0,0,10.75M,EF2,4.42,200,41.24,-88.3
ILLINOIS,17,79,JASPER,17-NOV-13 12:25:00,CST-6,0,0,0,0,250.00K,EF1,3.53,100,38.85,-88.09
ILLINOIS,17,197,WILL,17-NOV-13 12:26:00,CST-6,0,0,0,0,2.00M,EF2,7.6,200,41.29,-88.25
ILLINOIS,17,49,EFFINGHAM,17-NOV-13 12:28:00,CST-6,0,0,0,0,400.00K,EF1,2.9,100,39.07,-88.81
ILLINOIS,17,139,MOULTRIE,17-NOV-13 12:30:00,CST-6,0,0,0,0,860.00K,EF1,7.02,440,39.75,-88.6
ILLINOIS,17,41,DOUGLAS,17-NOV-13 12:37:00,CST-6,0,0,0,0,825.00K,EF1,3.52,440,39.78,-88.47
ILLINOIS,17,197,WILL,17-NOV-13 12:42:00,CST-6,0,0,0,0,750.00K,EF2,5.21,200,41.41,-87.93
ILLINOIS,17,41,DOUGLAS,17-NOV-13 12:44:00,CST-6,0,0,0,0,1.20M,EF3,8.04,440,39.84,-88.33
ILLINOIS,17,19,CHAMPAIGN,17-NOV-13 12:45:00,CST-6,6,0,0,0,60.00M,EF3,14.67,880,40.24,-88.17
ILLINOIS,17,41,DOUGLAS,17-NOV-13 12:46:00,CST-6,0,0,0,0,220.00K,EF1,4.51,440,39.83,-88.27
ILLINOIS,17,19,CHAMPAIGN,17-NOV-13 12:52:00,CST-6,0,0,0,0,800.00K,EF2,10.7,440,39.88,-88.19
ILLINOIS,17,91,KANKAKEE,17-NOV-13 13:00:00,CST-6,0,0,0,0,0.00K,EF1,0.05,75,41.3,-87.55
ILLINOIS,17,183,VERMILION,17-NOV-13 13:00:00,CST-6,0,0,0,0,2.50M,EF2,14.16,440,40.35,-87.93
ILLINOIS,17,197,WILL,17-NOV-13 13:01:00,CST-6,0,0,0,0,100.00K,EF1,0.11,150,41.3,-87.55
ILLINOIS,17,183,VERMILION,17-NOV-13 13:03:00,CST-6,1,0,0,0,9.50M,EF2,19.68,440,39.94,-87.9
ILLINOIS,17,81,JEFFERSON,17-NOV-13 13:05:00,CST-6,0,0,0,0,3.00K,EF1,0.15,25,38.28,-88.76
ILLINOIS,17,191,WAYNE,17-NOV-13 13:08:00,CST-6,0,0,0,0,150.00K,EF2,9.48,150,38.37,-88.53
ILLINOIS,17,75,IROQUOIS,17-NOV-13 13:14:00,CST-6,0,0,0,0,0.00K,EF0,1,100,40.49,-87.73
ILLINOIS,17,75,IROQUOIS,17-NOV-13 13:19:00,CST-6,0,0,0,0,20.00K,EF0,4.52,75,40.52,-87.67
ILLINOIS,17,191,WAYNE,17-NOV-13 13:29:00,CST-6,0,0,0,0,10.00K,EF1,1.03,100,38.42,-88.17
ILLINOIS,17,47,EDWARDS,17-NOV-13 13:31:00,CST-6,0,0,0,0,200.00K,EF2,6.83,300,38.43,-88.15
ILLINOIS,17,47,EDWARDS,17-NOV-13 13:33:00,CST-6,0,0,0,0,150.00K,EF2,4.14,100,38.42,-88.15
ILLINOIS,17,185,WABASH,17-NOV-13 13:44:00,CST-6,1,0,0,0,250.00K,EF2,10.28,225,38.49,-87.92
ILLINOIS,17,127,MASSAC,17-NOV-13 14:20:00,CST-6,33,0,3,0,5.50M,EF3,7.77,500,37.12,-88.64
ILLINOIS,17,151,POPE,17-NOV-13 14:26:00,CST-6,0,0,0,0,500.00K,EF2,3.3,300,37.12,-88.5
INDIANA,18,117,ORANGE,30-JAN-13 01:47:00,EST-5,0,0,0,0,25.00K,EF0,0.37,75,38.61,-86.61
INDIANA,18,61,HARRISON,30-JAN-13 04:17:00,EST-5,0,0,0,0,40.00K,EF0,0.44,215,38.12,-85.91
INDIANA,18,167,VIGO,09-MAY-13 19:14:00,EST-5,0,0,0,0,2.00K,EF0,0.14,20,39.38,-87.41
INDIANA,18,167,VIGO,09-MAY-13 19:24:00,EST-5,0,0,0,0,1.50K,EF0,0.15,20,39.39,-87.31
INDIANA,18,133,PUTNAM,21-MAY-13 01:29:00,EST-5,0,0,0,0,45.00K,EF0,1.05,100,39.85,-86.73
INDIANA,18,63,HENDRICKS,21-MAY-13 01:34:00,EST-5,0,0,0,0,10.00K,EF0,0.13,30,39.87,-86.67
INDIANA,18,7,BENTON,31-MAY-13 19:30:00,EST-5,0,0,0,0,0.00K,EF0,0.5,20,40.54,-87.2
INDIANA,18,125,PIKE,26-JUN-13 18:16:00,EST-5,0,0,0,0,20.00K,EF1,0.59,75,38.45,-87.1
INDIANA,18,123,PERRY,26-JUN-13 20:29:00,EST-5,0,0,0,0,200.00K,EF1,5.26,100,,
INDIANA,18,103,MIAMI,10-JUL-13 12:28:00,EST-5,2,0,0,0,0.00K,EF1,3.47,200,40.75,-86.11
INDIANA,18,111,NEWTON,17-NOV-13 13:27:00,CST-6,0,0,0,0,250.00K,EF0,2.16,100,40.76,-87.3
INDIANA,18,73,JASPER,17-NOV-13 13:29:00,CST-6,0,0,0,0,75.00K,EF1,3.36,100,40.78,-87.27
INDIANA,18,73,JASPER,17-NOV-13 13:50:00,CST-6,0,0,0,0,150.00K,EF1,10.24,100,40.97,-87.12
INDIANA,18,131,PULASKI,17-NOV-13 14:03:00,CST-6,0,0,0,0,0.00K,EF1,13.18,100,41.08,-86.89
INDIANA,18,165,VERMILLION,17-NOV-13 14:22:00,EST-5,0,0,0,0,300.00K,EF2,4.21,150,40.1,-87.53
INDIANA,18,171,WARREN,17-NOV-13 14:25:00,EST-5,0,0,0,0,15.00K,EF2,1.73,150,40.13,-87.46
INDIANA,18,45,FOUNTAIN,17-NOV-13 14:32:00,EST-5,0,0,0,0,175.00K,EF2,10.31,75,40.12,-87.25
INDIANA,18,7,BENTON,17-NOV-13 14:40:00,EST-5,0,0,0,0,50.00K,EF1,2.89,100,40.56,-87.15
INDIANA,18,107,MONTGOMERY,17-NOV-13 14:42:00,EST-5,0,0,0,0,1.00K,EF2,0.59,75,40.21,-87.09
INDIANA,18,181,WHITE,17-NOV-13 14:43:00,EST-5,0,0,0,0,0.00K,EF2,9.1,1200,40.57,-87.1
INDIANA,18,157,TIPPECANOE,17-NOV-13 14:43:00,EST-5,0,0,0,0,10.00K,EF2,1.83,75,40.21,-87.08
INDIANA,18,107,MONTGOMERY,17-NOV-13 14:47:00,EST-5,0,0,0,0,30.00K,EF1,1.78,40,40.17,-86.96
INDIANA,18,157,TIPPECANOE,17-NOV-13 14:47:00,EST-5,0,0,0,0,18.00K,EF1,3.89,50,40.5,-87.08
INDIANA,18,181,WHITE,17-NOV-13 14:51:00,EST-5,0,0,0,0,0.00K,EF2,4.15,300,40.69,-86.88
INDIANA,18,157,TIPPECANOE,17-NOV-13 14:51:00,EST-5,0,0,0,0,21.00K,EF0,0.25,50,40.3,-86.92
INDIANA,18,181,WHITE,17-NOV-13 14:52:00,EST-5,0,0,0,0,0.00K,EF2,9.23,900,40.56,-87.08
INDIANA,18,157,TIPPECANOE,17-NOV-13 14:52:00,EST-5,0,0,0,0,125.00K,EF2,3.1,75,40.3,-86.95
INDIANA,18,157,TIPPECANOE,17-NOV-13 14:54:00,EST-5,0,0,0,0,750.00K,EF3,8.69,100,40.35,-86.83
INDIANA,18,83,KNOX,17-NOV-13 14:56:00,EST-5,1,0,0,0,75.00K,EF2,8.81,100,38.54,-87.61
INDIANA,18,157,TIPPECANOE,17-NOV-13 14:56:00,EST-5,0,0,0,0,10.00K,EF1,2.87,35,40.29,-86.81
INDIANA,18,23,CLINTON,17-NOV-13 15:04:00,EST-5,0,0,0,0,5.00K,EF0,3.4,100,40.41,-86.69
INDIANA,18,15,CARROLL,17-NOV-13 15:06:00,EST-5,0,0,0,0,30.00K,EF1,16.44,100,40.43,-86.63
INDIANA,18,181,WHITE,17-NOV-13 15:07:00,EST-5,0,0,0,0,0.00K,EF1,0.81,150,40.82,-86.59
INDIANA,18,23,CLINTON,17-NOV-13 15:13:00,EST-5,0,0,0,0,60.00K,EF2,7,150,40.33,-86.39
INDIANA,18,17,CASS,17-NOV-13 15:17:00,EST-5,0,0,0,0,0.00K,EF2,9.38,100,40.56,-86.37
INDIANA,18,67,HOWARD,17-NOV-13 15:19:00,EST-5,0,0,0,0,300.00K,EF2,18.44,150,40.38,-86.28
INDIANA,18,17,CASS,17-NOV-13 15:20:00,EST-5,0,0,0,0,0.00K,EF0,1.13,150,40.73,-86.39
INDIANA,18,27,DAVIESS,17-NOV-13 15:20:00,EST-5,0,0,0,0,100.00K,EF2,2.8,125,38.64,-87.22
INDIANA,18,67,HOWARD,17-NOV-13 15:29:00,EST-5,5,0,0,0,75.00K,EF2,0.48,75,40.46,-86.13
INDIANA,18,103,MIAMI,17-NOV-13 15:30:00,EST-5,0,0,0,0,0.00K,EF1,2.87,250,40.69,-86.12
INDIANA,18,11,BOONE,17-NOV-13 15:36:00,EST-5,2,0,0,0,200.00K,EF2,3.67,75,40.02,-86.53
INDIANA,18,85,KOSCIUSKO,17-NOV-13 15:38:00,EST-5,0,0,0,0,0.00K,EF1,1.05,250,41.17,-85.99
INDIANA,18,53,GRANT,17-NOV-13 15:42:00,EST-5,0,0,0,0,0.00K,EF2,11.62,700,40.55,-85.84
INDIANA,18,169,WABASH,17-NOV-13 15:43:00,EST-5,0,0,0,0,0.00K,EF2,0.67,150,41.04,-85.89
INDIANA,18,85,KOSCIUSKO,17-NOV-13 15:44:00,EST-5,0,0,0,0,0.00K,EF2,3.47,150,41.04,-85.88
INDIANA,18,11,BOONE,17-NOV-13 15:46:00,EST-5,0,0,0,0,10.00K,EF1,3.62,33,40.08,-86.38
INDIANA,18,169,WABASH,17-NOV-13 15:52:00,EST-5,0,0,0,0,0.00K,EF2,0.13,700,40.65,-85.67
INDIANA,18,85,KOSCIUSKO,17-NOV-13 15:54:00,EST-5,0,0,0,0,0.00K,EF1,1.65,275,41.3,-85.8
INDIANA,18,53,GRANT,17-NOV-13 15:55:00,EST-5,0,0,0,0,0.00K,EF0,0.04,20,40.51,-85.72
INDIANA,18,93,LAWRENCE,17-NOV-13 15:57:00,EST-5,0,0,0,0,70.00K,EF1,1.27,50,38.87,-86.51
INDIANA,18,57,HAMILTON,17-NOV-13 16:05:00,EST-5,0,0,0,0,40.00K,EF1,1.22,125,40.21,-86.03
INDIANA,18,159,TIPTON,17-NOV-13 16:07:00,EST-5,0,0,0,0,5.00K,EF1,0.68,125,40.22,-86.01
IOWA,19,49,DALLAS,19-MAY-13 17:32:00,CST-6,0,0,0,0,4.00K,EF0,2.08,100,41.59,-94.07
IOWA,19,49,DALLAS,19-MAY-13 17:45:00,CST-6,0,0,0,0,50.00K,EF1,1.43,100,41.67,-93.91
IOWA,19,153,POLK,19-MAY-13 18:07:00,CST-6,0,0,0,0,75.00K,EF1,4.25,150,41.85,-93.67
IOWA,19,169,STORY,19-MAY-13 18:11:00,CST-6,0,0,0,0,15.00K,EF0,0.46,100,41.86,-93.59
IOWA,19,159,RINGGOLD,26-MAY-13 18:23:00,CST-6,0,0,0,0,0.00K,EF0,0.12,30,40.79,-94.37
IOWA,19,43,CLAYTON,29-MAY-13 16:46:00,CST-6,0,0,0,0,20.00K,EF0,4.82,10,42.87,-91.22
IOWA,19,139,MUSCATINE,30-MAY-13 15:10:00,CST-6,0,0,0,0,25.00K,EF1,2.43,100,41.37,-91.35
IOWA,19,163,SCOTT,30-MAY-13 15:45:00,CST-6,0,0,0,0,100.00K,EF1,2.71,150,41.45,-90.72
IOWA,19,67,FLOYD,31-MAY-13 17:09:00,CST-6,0,0,0,0,0.00K,EF0,0.18,10,43.17,-92.73
IOWA,19,197,WRIGHT,12-JUN-13 15:08:00,CST-6,0,0,0,0,500.00K,EF3,6.2,200,42.88,-93.68
IOWA,19,197,WRIGHT,12-JUN-13 15:19:00,CST-6,0,0,0,0,20.00K,EF1,5,125,42.85,-93.6
IOWA,19,197,WRIGHT,12-JUN-13 15:21:00,CST-6,0,0,0,0,0.00K,EF0,1.13,50,42.87,-93.66
IOWA,19,69,FRANKLIN,12-JUN-13 15:32:00,CST-6,0,0,0,0,300.00K,EF2,5.2,300,42.82,-93.47
IOWA,19,69,FRANKLIN,12-JUN-13 15:46:00,CST-6,0,0,0,0,50.00K,EF1,3.43,75,42.79,-93.33
IOWA,19,69,FRANKLIN,12-JUN-13 15:53:00,CST-6,0,0,0,0,0.00K,EF0,1.26,125,42.79,-93.29
IOWA,19,69,FRANKLIN,12-JUN-13 15:56:00,CST-6,0,0,0,0,10.00K,EF0,1.11,50,42.78,-93.23
IOWA,19,139,MUSCATINE,24-JUN-13 14:08:00,CST-6,0,0,1,0,500.00K,EF1,6.5,100,41.45,-91.08
IOWA,19,187,WEBSTER,26-JUN-13 11:41:00,CST-6,0,0,0,0,0.00K,EF0,0.67,30,42.61,-94.05
IOWA,19,133,MONONA,04-OCT-13 17:02:00,CST-6,0,0,0,0,0.00K,EF2,4.89,250,42.15,-96.33
IOWA,19,193,WOODBURY,04-OCT-13 17:13:00,CST-6,0,0,0,0,400.00K,EF2,14.38,264,42.21,-96.28
IOWA,19,193,WOODBURY,04-OCT-13 17:17:00,CST-6,0,0,0,0,20.00K,EF1,1.17,100,42.22,-96.26
IOWA,19,193,WOODBURY,04-OCT-13 17:35:00,CST-6,0,0,0,0,2.00M,EF4,22.66,2600,42.33,-96.11
IOWA,19,149,PLYMOUTH,04-OCT-13 17:41:00,CST-6,0,0,0,0,0.00K,EF0,1.72,400,42.63,-96.52
IOWA,19,149,PLYMOUTH,04-OCT-13 17:50:00,CST-6,0,0,0,0,,EF1,1.11,100,42.68,-96.45
IOWA,19,149,PLYMOUTH,04-OCT-13 17:55:00,CST-6,0,0,0,0,0.00K,EF0,1.28,50,42.75,-96.38
IOWA,19,35,CHEROKEE,04-OCT-13 18:10:00,CST-6,0,0,0,0,10.00K,EF1,2.04,1300,42.56,-95.79
IOWA,19,35,CHEROKEE,04-OCT-13 18:41:00,CST-6,0,0,0,0,0.00K,EF0,0.55,50,42.69,-95.62
IOWA,19,35,CHEROKEE,04-OCT-13 18:46:00,CST-6,0,0,0,0,0.00K,EF0,0.4,50,42.72,-95.59
IOWA,19,35,CHEROKEE,04-OCT-13 19:18:00,CST-6,0,0,0,0,0.00K,EF0,0.34,50,42.84,-95.4
IOWA,19,21,BUENA VISTA,04-OCT-13 19:33:00,CST-6,0,0,0,0,1.20M,EF1,5.45,200,42.6,-95.36
IOWA,19,41,CLAY,04-OCT-13 19:47:00,CST-6,0,0,0,0,0.00K,EF0,0.71,100,42.98,-95.06
KANSAS,20,167,RUSSELL,07-APR-13 17:38:00,CST-6,0,0,0,0,,EF0,0.48,50,39.09,-99
KANSAS,20,51,ELLIS,08-MAY-13 17:30:00,CST-6,0,0,0,0,0.00K,EF0,0.21,50,38.97,-99.2
KANSAS,20,51,ELLIS,08-MAY-13 17:30:00,CST-6,0,0,0,0,0.00K,EF0,0.66,100,38.97,-99.2
KANSAS,20,167,RUSSELL,08-MAY-13 17:39:00,CST-6,0,0,0,0,,EF0,0.41,50,,
KANSAS,20,195,TREGO,18-MAY-13 16:27:00,CST-6,0,0,0,0,0.00K,EF0,2.92,100,38.76,-99.86
KANSAS,20,135,NESS,18-MAY-13 17:03:00,CST-6,0,0,0,0,0.00K,EF0,0.31,100,38.68,-99.75
KANSAS,20,51,ELLIS,18-MAY-13 17:09:00,CST-6,0,0,0,0,,EF1,1.71,50,38.85,-99.58
KANSAS,20,51,ELLIS,18-MAY-13 17:37:00,CST-6,0,0,0,0,0.00K,EF0,0.56,50,38.83,-99.43
KANSAS,20,145,PAWNEE,18-MAY-13 18:18:00,CST-6,0,0,0,0,140.00K,EF4,7,1100,38.14,-99.47
KANSAS,20,145,PAWNEE,18-MAY-13 18:49:00,CST-6,0,0,0,0,,EF1,4,100,38.2,-99.28
KANSAS,20,145,PAWNEE,18-MAY-13 19:10:00,CST-6,0,0,0,0,0.00K,EF0,2.06,100,38.24,-99.18
KANSAS,20,27,CLAY,18-MAY-13 21:35:00,CST-6,0,0,0,0,,EF1,5.85,75,,
KANSAS,20,201,WASHINGTON,18-MAY-13 21:42:00,CST-6,0,0,0,0,,EF1,1.14,75,,
KANSAS,20,201,WASHINGTON,18-MAY-13 22:00:00,CST-6,0,0,0,0,,EF0,0.34,50,,
KANSAS,20,191,SUMNER,19-MAY-13 14:10:00,CST-6,0,0,0,0,,EF0,0.57,50,,
KANSAS,20,173,SEDGWICK,19-MAY-13 14:19:00,CST-6,0,0,0,0,,EF0,0.8,50,,
KANSAS,20,173,SEDGWICK,19-MAY-13 14:37:00,CST-6,0,0,0,0,,EF2,4.61,300,,
KANSAS,20,191,SUMNER,19-MAY-13 15:12:00,CST-6,0,0,0,0,,EF0,0.42,50,,
KANSAS,20,191,SUMNER,19-MAY-13 15:39:00,CST-6,0,0,0,0,,EF0,0.47,50,,
KANSAS,20,191,SUMNER,19-MAY-13 15:40:00,CST-6,0,0,0,0,,EF0,0.4,50,,
KANSAS,20,35,COWLEY,19-MAY-13 15:46:00,CST-6,0,0,0,0,,EF0,0.71,50,,
KANSAS,20,35,COWLEY,19-MAY-13 15:55:00,CST-6,0,0,0,0,,EF1,1.84,60,,
KANSAS,20,115,MARION,19-MAY-13 16:05:00,CST-6,0,0,0,0,0.00K,EF0,0.46,50,,
KANSAS,20,41,DICKINSON,19-MAY-13 16:17:00,CST-6,0,0,0,0,,EF0,0.1,25,,
KANSAS,20,111,LYON,19-MAY-13 16:27:00,CST-6,0,0,0,0,,EF1,9,75,,
KANSAS,20,35,COWLEY,19-MAY-13 16:59:00,CST-6,0,0,0,0,,EF0,0.19,50,,
KANSAS,20,125,MONTGOMERY,20-MAY-13 15:12:00,CST-6,0,0,0,0,,EF0,0.54,50,,
KANSAS,20,187,STANTON,20-MAY-13 15:50:00,CST-6,0,0,0,0,,EF0,0.37,50,37.47,-101.94
KANSAS,20,187,STANTON,20-MAY-13 16:05:00,CST-6,0,0,0,0,0.00K,EF0,0.27,50,37.51,-101.88
KANSAS,20,183,SMITH,27-MAY-13 17:32:00,CST-6,0,0,0,0,0.00K,EF0,0.38,15,39.82,-98.83
KANSAS,20,183,SMITH,27-MAY-13 17:45:00,CST-6,0,0,0,0,0.00K,EF0,0.01,10,39.81,-98.68
KANSAS,20,183,SMITH,27-MAY-13 18:04:00,CST-6,1,0,0,0,1.40M,EF3,2.18,1580,39.86,-98.54
KANSAS,20,89,JEWELL,27-MAY-13 18:10:00,CST-6,1,0,0,0,0.40M,EF3,3.56,1580,39.85,-98.5
KANSAS,20,117,MARSHALL,27-MAY-13 20:40:00,CST-6,0,0,0,0,,EF2,3.83,150,,
KANSAS,20,131,NEMAHA,28-MAY-13 15:16:00,CST-6,0,0,0,0,,EF3,4.4,900,,
KANSAS,20,131,NEMAHA,28-MAY-13 15:20:00,CST-6,0,0,0,0,,EF1,0.01,50,,
KANSAS,20,131,NEMAHA,28-MAY-13 15:45:00,CST-6,0,0,0,0,,EF1,0.01,50,,
KANSAS,20,143,OTTAWA,28-MAY-13 16:33:00,CST-6,0,0,0,0,,EF0,0.01,25,,
KANSAS,20,143,OTTAWA,28-MAY-13 16:45:00,CST-6,0,0,0,0,,EF3,2.33,1000,,
KANSAS,20,9,BARTON,28-MAY-13 17:37:00,CST-6,0,0,0,0,,EF0,4.18,50,,
KANSAS,20,165,RUSH,28-MAY-13 17:40:00,CST-6,0,0,0,0,0.00K,EF0,0.62,75,38.5,-99.05
KANSAS,20,109,LOGAN,29-MAY-13 14:35:00,CST-6,0,0,0,0,0.00K,EF0,0.1,25,38.83,-101.18
KANSAS,20,63,GOVE,29-MAY-13 16:43:00,CST-6,0,0,0,0,0.00K,EF0,1.3,25,39.14,-100.56
KANSAS,20,93,KEARNY,29-MAY-13 17:50:00,CST-6,0,0,0,0,0.00K,EF0,0.28,75,37.76,-101.44
KANSAS,20,93,KEARNY,29-MAY-13 18:00:00,CST-6,0,0,0,0,0.00K,EF0,0.3,100,37.77,-101.47
KANSAS,20,93,KEARNY,29-MAY-13 18:20:00,CST-6,0,0,0,0,0.00K,EF0,0.12,75,37.77,-101.39
KANSAS,20,147,PHILLIPS,29-MAY-13 19:10:00,CST-6,0,0,0,0,80.00K,EF1,0.78,40,39.82,-99.58
KANSAS,20,125,MONTGOMERY,31-MAY-13 15:18:00,CST-6,0,0,0,0,,EF0,0.42,50,,
KANSAS,20,93,KEARNY,04-JUN-13 20:07:00,CST-6,0,0,0,0,0.00K,EF0,2.85,100,37.85,-101.4
KANSAS,20,97,KIOWA,04-JUN-13 23:32:00,CST-6,0,0,0,0,18.00K,EF1,0.97,50,37.52,-99.5
KANSAS,20,97,KIOWA,04-JUN-13 23:48:00,CST-6,0,0,0,0,,EF0,2.02,75,37.41,-99.3
KANSAS,20,187,STANTON,10-JUL-13 14:03:00,CST-6,0,0,0,0,0.00K,EF0,0.15,50,37.68,-101.76
KANSAS,20,75,HAMILTON,25-JUL-13 14:05:00,MST-7,0,0,0,0,0.00K,EF0,0.41,50,37.86,-101.98
KANSAS,20,151,PRATT,29-JUL-13 15:18:00,CST-6,0,0,0,0,0.00K,EF0,0.01,25,37.74,-98.49
KANSAS,20,11,BOURBON,29-JUL-13 16:05:00,CST-6,0,0,0,0,100.00K,EF1,0.4,100,37.79,-95.07
KANSAS,20,181,SHERMAN,05-AUG-13 11:28:00,MST-7,0,0,0,0,0.00K,EF0,0.1,100,39.45,-101.61
KANSAS,20,181,SHERMAN,05-AUG-13 11:40:00,MST-7,0,0,0,0,0.00K,EF0,0.1,100,39.46,-101.58
KANSAS,20,101,LANE,13-AUG-13 10:15:00,CST-6,0,0,0,0,0.00K,EF0,0.04,25,,
KENTUCKY,21,139,LIVINGSTON,12-JAN-13 15:18:00,CST-6,0,0,0,0,100.00K,EF2,1.83,200,37.28,-88.37
KENTUCKY,21,35,CALLOWAY,29-JAN-13 23:36:00,CST-6,0,0,0,0,25.00K,EF0,2.12,100,36.59,-88.43
KENTUCKY,21,47,CHRISTIAN,30-JAN-13 01:36:00,CST-6,0,0,0,0,150.00K,EF2,2.06,200,36.68,-87.56
KENTUCKY,21,47,CHRISTIAN,30-JAN-13 01:39:00,CST-6,0,0,0,0,250.00K,EF1,7.92,225,36.73,-87.48
KENTUCKY,21,177,MUHLENBERG,30-JAN-13 02:00:00,CST-6,0,0,0,0,250.00K,EF2,5.14,325,37.06,-87.05
KENTUCKY,21,227,WARREN,30-JAN-13 03:38:00,CST-6,0,0,0,0,400.00K,EF2,2.96,250,37.03,-86.24
KENTUCKY,21,61,EDMONSON,30-JAN-13 03:42:00,CST-6,0,0,0,0,80.00K,EF1,2.77,100,37.07,-86.14
KENTUCKY,21,9,BARREN,30-JAN-13 03:49:00,CST-6,0,0,0,0,0.00K,EF1,0.34,50,36.94,-86.06
KENTUCKY,21,163,MEADE,30-JAN-13 04:05:00,EST-5,0,0,0,0,50.00K,EF0,1,200,37.94,-86.1
KENTUCKY,21,111,JEFFERSON,30-JAN-13 04:18:00,EST-5,0,0,0,0,75.00K,EF0,2.23,215,38.12,-85.91
KENTUCKY,21,155,MARION,30-JAN-13 05:44:00,EST-5,2,0,0,0,25.00K,EF0,0.12,50,37.44,-85.27
KENTUCKY,21,199,PULASKI,30-JAN-13 06:30:00,EST-5,0,0,0,0,5.00K,EF0,0.5,150,37.06,-84.61
KENTUCKY,21,199,PULASKI,24-MAR-13 16:40:00,EST-5,0,0,0,0,100.00K,EF1,0.36,80,37.07,-84.6
KENTUCKY,21,83,GRAVES,18-APR-13 19:24:00,CST-6,0,0,0,0,10.00K,EF0,0.33,100,36.55,-88.73
KENTUCKY,21,83,GRAVES,18-APR-13 19:31:00,CST-6,0,0,0,0,3.00K,EF0,3.17,100,36.61,-88.65
KENTUCKY,21,83,GRAVES,18-APR-13 19:54:00,CST-6,0,0,0,0,35.00K,EF0,2.21,150,36.86,-88.52
KENTUCKY,21,157,MARSHALL,18-APR-13 19:57:00,CST-6,0,0,0,0,8.00K,EF0,1.39,150,36.87,-88.49
KENTUCKY,21,115,JOHNSON,09-JUN-13 16:54:00,EST-5,0,0,0,0,0.00K,EF0,0.1,50,37.91,-82.72
KENTUCKY,21,127,LAWRENCE,09-JUN-13 16:55:00,EST-5,0,0,0,0,10.00K,EF0,0.39,50,37.91,-82.72
KENTUCKY,21,141,LOGAN,10-JUN-13 12:40:00,CST-6,4,0,0,0,500.00K,EF2,9.03,325,,
KENTUCKY,21,213,SIMPSON,10-JUN-13 13:00:00,CST-6,0,0,0,0,2.00K,EF1,4.87,200,,
KENTUCKY,21,123,LARUE,26-JUN-13 22:25:00,EST-5,0,0,0,0,500.00K,EF2,6.65,300,,
KENTUCKY,21,221,TRIGG,06-JUL-13 18:50:00,CST-6,0,0,0,0,5.00K,EF0,0.89,50,36.85,-87.93
KENTUCKY,21,7,BALLARD,31-OCT-13 19:14:00,CST-6,0,0,0,0,15.00K,EF1,0.92,200,36.94,-89.1
KENTUCKY,21,39,CARLISLE,31-OCT-13 19:25:00,CST-6,0,0,0,0,200.00K,EF1,5.01,200,36.9,-88.89
KENTUCKY,21,7,BALLARD,31-OCT-13 19:30:00,CST-6,0,0,0,0,15.00K,EF0,0.22,70,36.96,-88.94
KENTUCKY,21,145,MCCRACKEN,31-OCT-13 19:31:00,CST-6,0,0,0,0,3.00K,EF1,3.25,200,36.95,-88.82
KENTUCKY,21,145,MCCRACKEN,31-OCT-13 19:39:00,CST-6,0,0,0,0,100.00K,EF1,2.15,225,36.94,-88.71
KENTUCKY,21,145,MCCRACKEN,31-OCT-13 19:48:00,CST-6,0,0,0,0,15.00K,EF0,0.98,40,36.98,-88.52
KENTUCKY,21,145,MCCRACKEN,31-OCT-13 19:50:00,CST-6,0,0,0,0,35.00K,EF1,0.45,40,37.03,-88.54
KENTUCKY,21,157,MARSHALL,31-OCT-13 20:03:00,CST-6,0,0,0,0,35.00K,EF0,0.5,50,37,-88.35
KENTUCKY,21,145,MCCRACKEN,17-NOV-13 14:05:00,CST-6,1,0,0,0,350.00K,EF2,13.42,200,37.1,-88.88
KENTUCKY,21,139,LIVINGSTON,17-NOV-13 14:29:00,CST-6,0,0,0,0,400.00K,EF2,12.21,300,37.12,-88.44
KENTUCKY,21,225,UNION,17-NOV-13 14:41:00,CST-6,0,0,0,0,500.00K,EF3,10.31,200,37.7,-87.94
KENTUCKY,21,143,LYON,17-NOV-13 14:45:00,CST-6,0,0,0,0,10.00K,EF1,5.8,100,37.12,-88.21
KENTUCKY,21,101,HENDERSON,17-NOV-13 14:55:00,CST-6,0,0,0,0,250.00K,EF2,3.81,200,37.73,-87.76
KENTUCKY,21,33,CALDWELL,17-NOV-13 15:18:00,CST-6,0,0,0,0,200.00K,EF1,3.16,200,37.15,-87.91
KENTUCKY,21,107,HOPKINS,17-NOV-13 15:32:00,CST-6,1,0,0,0,700.00K,EF3,8.23,200,37.15,-87.49
KENTUCKY,21,177,MUHLENBERG,17-NOV-13 15:50:00,CST-6,0,0,0,0,100.00K,EF1,0.85,80,37.16,-87.27
KENTUCKY,21,31,BUTLER,17-NOV-13 16:10:00,CST-6,1,0,0,0,250.00K,EF1,5.46,200,37.16,-86.9
KENTUCKY,21,35,CALLOWAY,21-DEC-13 17:31:00,CST-6,0,0,0,0,2.00K,EF0,0.33,50,36.73,-88.32
KENTUCKY,21,217,TAYLOR,21-DEC-13 23:07:00,EST-5,0,0,0,0,200.00K,EF1,5.53,300,37.33,-85.4
KENTUCKY,21,97,HARRISON,21-DEC-13 23:29:00,EST-5,0,0,0,0,100.00K,EF1,3.49,110,38.46,-84.38
KENTUCKY,21,17,BOURBON,21-DEC-13 23:41:00,EST-5,0,0,0,0,150.00K,EF1,5.74,1.25,38.3,-84.25
LOUISIANA,22,99,ST. MARTIN,10-JAN-13 05:30:00,CST-6,0,0,0,0,200.00K,EF1,2.06,50,30.27,-91.9
LOUISIANA,22,45,IBERIA,10-JAN-13 05:51:00,CST-6,0,0,0,0,100.00K,EF1,5.53,50,29.95,-91.78
LOUISIANA,22,47,IBERVILLE,10-JAN-13 07:35:00,CST-6,0,0,0,0,15.00K,EF0,0.3,100,30.28,-91.21
LOUISIANA,22,31,DE SOTO,12-JAN-13 23:30:00,CST-6,0,0,0,0,0.00K,EF1,1.35,300,32.18,-93.59
LOUISIANA,22,81,RED RIVER,12-JAN-13 23:32:00,CST-6,0,0,0,0,50.00K,EF1,3.81,300,32.2,-93.57
LOUISIANA,22,17,CADDO,12-JAN-13 23:37:00,CST-6,2,0,0,0,70.00K,EF1,1.9,300,32.24,-93.53
LOUISIANA,22,99,ST. MARTIN,13-JAN-13 12:15:00,CST-6,0,0,0,0,100.00K,EF1,0.38,25,30.25,-91.83
LOUISIANA,22,33,EAST BATON ROUGE,13-JAN-13 13:19:00,CST-6,0,0,0,0,20.00K,EF0,8.21,40,30.65,-91.2
LOUISIANA,22,37,EAST FELICIANA,13-JAN-13 13:25:00,CST-6,0,0,0,0,20.00K,EF0,4.25,40,30.71,-91.08
LOUISIANA,22,123,WEST CARROLL,29-JAN-13 21:36:00,CST-6,0,0,0,0,250.00K,EF2,5.37,100,32.73,-91.57
LOUISIANA,22,31,DE SOTO,18-FEB-13 14:38:00,CST-6,0,0,0,0,0.00K,EF0,2.03,10,31.93,-93.69
LOUISIANA,22,17,CADDO,18-FEB-13 18:05:00,CST-6,0,0,0,0,0.00K,EF0,0.01,25,32.74,-93.89
LOUISIANA,22,17,CADDO,18-FEB-13 18:08:00,CST-6,0,0,0,0,0.00K,EF0,0.01,20,32.72,-93.83
LOUISIANA,22,115,VERNON,21-FEB-13 14:58:00,CST-6,0,0,0,0,5.00K,EF1,2.43,50,31.32,-93.11
LOUISIANA,22,69,NATCHITOCHES,21-FEB-13 15:07:00,CST-6,0,0,0,0,0.00K,EF1,0.01,30,31.38,-93.04
LOUISIANA,22,29,CONCORDIA,21-FEB-13 17:12:00,CST-6,0,0,0,0,75.00K,EF1,2.95,75,31.68,-91.55
LOUISIANA,22,57,LAFOURCHE,24-FEB-13 20:30:00,CST-6,0,0,0,0,50.00K,EF0,1.95,25,29.68,-90.56
LOUISIANA,22,109,TERREBONNE,25-FEB-13 16:41:00,CST-6,0,0,0,0,100.00K,EF1,0.95,30,29.57,-90.7
LOUISIANA,22,103,ST. TAMMANY,11-APR-13 12:05:00,CST-6,0,0,0,0,100.00K,EF1,8.76,120,30.28,-89.89
LOUISIANA,22,35,EAST CARROLL,18-APR-13 16:19:00,CST-6,0,0,0,0,50.00K,EF1,2.87,75,32.57,-91.2
LOUISIANA,22,65,MADISON,18-APR-13 16:23:00,CST-6,0,0,0,0,0.00K,EF0,0.4,50,32.45,-91.22
LOUISIANA,22,47,IBERVILLE,24-APR-13 08:55:00,CST-6,0,0,0,0,20.00K,EF0,0.38,75,30.3,-91.11
LOUISIANA,22,51,JEFFERSON,24-APR-13 10:48:00,CST-6,0,0,0,0,150.00K,EF1,0.9,50,30.04,-90.27
LOUISIANA,22,51,JEFFERSON,24-APR-13 10:52:00,CST-6,2,0,0,0,100.00K,EF0,2.23,75,30.01,-90.2
LOUISIANA,22,13,BIENVILLE,27-APR-13 19:32:00,CST-6,0,0,0,0,0.00K,EF1,2.29,880,32.38,-93.09
LOUISIANA,22,11,BEAUREGARD,09-MAY-13 22:35:00,CST-6,0,0,0,0,10.00K,EF0,1.04,20,30.68,-93.47
LOUISIANA,22,23,CAMERON,10-MAY-13 00:45:00,CST-6,0,0,0,0,25.00K,EF0,0.89,75,30.02,-93.17
LOUISIANA,22,17,CADDO,16-MAY-13 13:39:00,CST-6,1,0,0,0,250.00K,EF1,5.23,1400,32.45,-93.96
LOUISIANA,22,17,CADDO,16-MAY-13 14:05:00,CST-6,0,0,0,0,0.00K,EF0,0.78,250,32.33,-93.81
LOUISIANA,22,31,DE SOTO,16-MAY-13 14:06:00,CST-6,0,0,0,0,0.00K,EF0,1.7,350,32.33,-93.8
LOUISIANA,22,51,JEFFERSON,19-JUN-13 14:45:00,CST-6,0,0,0,0,10.00K,EF0,0.3,60,29.24,-89.99
LOUISIANA,22,81,RED RIVER,27-JUL-13 23:33:00,CST-6,0,0,0,0,0.00K,EF1,9.97,1760,32.22,-93.45
LOUISIANA,22,19,CALCASIEU,31-OCT-13 08:46:00,CST-6,0,0,0,0,30.00K,EF1,7.12,150,30.34,-93.44
LOUISIANA,22,11,BEAUREGARD,31-OCT-13 09:00:00,CST-6,0,0,0,0,0.00K,EF0,2.48,75,30.48,-93.24
LOUISIANA,22,11,BEAUREGARD,31-OCT-13 09:00:00,CST-6,0,0,0,0,400.00K,EF1,7.89,150,30.42,-93.24
LOUISIANA,22,3,ALLEN,31-OCT-13 09:14:00,CST-6,0,0,0,0,0.00K,EF0,0.82,75,30.52,-93.08
LOUISIANA,22,19,CALCASIEU,31-OCT-13 09:30:00,CST-6,0,0,0,0,10.00K,EF0,1.39,30,30.16,-93.3
LOUISIANA,22,39,EVANGELINE,31-OCT-13 10:21:00,CST-6,0,0,0,0,3.00K,EF0,0.49,75,30.75,-92.43
LOUISIANA,22,1,ACADIA,31-OCT-13 10:41:00,CST-6,0,0,0,0,1.00K,EF0,0.5,70,30.28,-92.59
LOUISIANA,22,111,UNION,21-DEC-13 15:43:00,CST-6,0,0,0,0,1.00K,EF1,0.76,75,32.64,-92.38
MAINE,23,25,SOMERSET,02-JUN-13 15:36:00,EST-5,0,0,0,0,0.00K,EF0,0.03,40,45.07,-69.95
MAINE,23,29,WASHINGTON,17-JUL-13 17:48:00,EST-5,0,0,0,0,,EF0,0.15,50,45.67,-67.88
MAINE,23,21,PISCATAQUIS,19-JUL-13 13:00:00,EST-5,0,0,0,0,,EF1,2.14,300,46.2,-69.1
MAINE,23,21,PISCATAQUIS,11-SEP-13 14:48:00,EST-5,0,0,0,0,,EF0,0.25,125,,
MARYLAND,24,33,PRINCE GEORGE'S,19-APR-13 18:26:00,EST-5,0,0,0,0,25.00K,EF0,0.5,75,38.84,-76.81
MARYLAND,24,5,BALTIMORE,10-JUN-13 14:24:00,EST-5,0,0,0,0,1.00K,EF0,0.5,100,39.46,-76.45
MARYLAND,24,5,BALTIMORE,10-JUN-13 14:44:00,EST-5,0,0,0,0,10.00K,EF0,0.2,75,39.26,-76.59
MARYLAND,24,37,ST. MARY'S,10-JUN-13 20:01:00,EST-5,0,0,0,0,0.50K,EF0,0.25,50,38.22,-76.75
MARYLAND,24,37,ST. MARY'S,13-JUN-13 14:24:00,EST-5,0,0,0,0,0.00K,EF0,13.83,200,38.28,-76.74
MARYLAND,24,31,MONTGOMERY,13-JUN-13 14:38:00,EST-5,0,0,0,0,1.00K,EF0,20.1,150,39.08,-77.32
MARYLAND,24,37,ST. MARY'S,13-JUN-13 14:42:00,EST-5,0,0,0,0,0.00K,EF0,1.8,75,38.4,-76.54
MARYLAND,24,33,PRINCE GEORGE'S,01-JUL-13 18:33:00,EST-5,0,0,0,0,0.50K,EF0,2.3,75,38.7,-76.9
MARYLAND,24,25,HARFORD,22-JUL-13 23:12:00,EST-5,0,0,0,0,3.00K,EF0,0.8,100,39.63,-76.18
MARYLAND,24,25,HARFORD,13-AUG-13 05:01:00,EST-5,0,0,0,0,0.00K,EF0,1,75,39.52,-76.27
MASSACHUSETTS,25,21,NORFOLK,09-MAY-13 15:31:00,EST-5,0,0,0,0,20.00K,EF0,0.38,50,42.1,-71.1
MASSACHUSETTS,25,11,FRANKLIN,01-SEP-13 17:25:00,EST-5,0,0,0,0,0.00K,EF0,0.05,10,,
MICHIGAN,26,155,SHIAWASSEE,28-MAY-13 19:47:00,EST-5,0,0,0,0,30.00K,EF0,0.74,60,42.81,-84.31
MICHIGAN,26,155,SHIAWASSEE,28-MAY-13 19:52:00,EST-5,0,0,0,0,50.00K,EF0,0.5,100,42.83,-84.18
MICHIGAN,26,49,GENESEE,28-MAY-13 20:01:00,EST-5,0,0,0,0,100.00K,EF1,2.28,400,43.07,-83.72
MICHIGAN,26,155,SHIAWASSEE,28-MAY-13 20:09:00,EST-5,0,0,0,0,100.00K,EF1,5.6,550,42.83,-84.03
MICHIGAN,26,49,GENESEE,28-MAY-13 20:19:00,EST-5,0,0,0,0,10.00K,EF0,4.29,200,42.86,-83.93
MICHIGAN,26,49,GENESEE,28-MAY-13 20:30:00,EST-5,0,0,0,0,225.00K,EF2,5.1,500,42.85,-83.77
MICHIGAN,26,49,GENESEE,28-MAY-13 20:54:00,EST-5,0,0,0,0,350.00K,EF2,4.61,300,42.9,-83.57
MICHIGAN,26,93,LIVINGSTON,27-AUG-13 22:54:00,EST-5,0,0,0,0,5.00K,EF0,1.6,420,42.74,-83.98
MICHIGAN,26,93,LIVINGSTON,27-AUG-13 23:50:00,EST-5,0,0,0,0,10.00K,EF0,2.97,700,42.53,-83.83
MICHIGAN,26,121,MUSKEGON,17-NOV-13 14:55:00,EST-5,0,0,0,0,50.00K,EF0,3.86,75,43.26,-85.87
MICHIGAN,26,123,NEWAYGO,17-NOV-13 15:00:00,EST-5,0,0,0,0,50.00K,EF0,32.88,95,43.3,-85.81
MICHIGAN,26,107,MECOSTA,17-NOV-13 15:20:00,EST-5,0,0,0,0,0.00K,EF0,0.25,50,43.65,-85.31
MICHIGAN,26,27,CASS,17-NOV-13 15:27:00,EST-5,0,0,0,0,0.00K,EF1,0.38,50,41.9,-86.01
MICHIGAN,26,137,OTSEGO,17-NOV-13 16:27:00,EST-5,0,0,0,0,11.00K,EF0,0.29,150,44.87,-84.69
MINNESOTA,27,33,COTTONWOOD,17-MAY-13 16:45:00,CST-6,0,0,0,0,0.00K,EF0,0.5,50,43.83,-95.22
MINNESOTA,27,63,JACKSON,17-MAY-13 17:10:00,CST-6,0,0,0,0,0.00K,EF0,0.5,50,43.72,-95.17
MINNESOTA,27,39,DODGE,05-JUN-13 16:42:00,CST-6,0,0,0,0,0.00K,EF0,0.01,5,44.18,-92.97
MINNESOTA,27,25,CHISAGO,21-JUN-13 02:46:00,CST-6,0,0,0,0,100.00K,EF0,0.5,50,,
MINNESOTA,27,83,LYON,21-JUN-13 16:19:00,CST-6,0,0,0,0,0.00K,EF0,0.1,50,44.32,-95.73
MINNESOTA,27,27,CLAY,25-JUN-13 22:25:00,CST-6,0,0,0,0,,EF0,7,100,46.65,-96.42
MINNESOTA,27,119,POLK,22-JUL-13 00:33:00,CST-6,0,0,0,0,100.00K,EF1,5.61,150,47.8,-95.7
MINNESOTA,27,29,CLEARWATER,22-JUL-13 00:46:00,CST-6,0,0,0,0,50.00K,EF1,1.86,150,47.8,-95.58
MINNESOTA,27,87,MAHNOMEN,22-JUL-13 00:50:00,CST-6,0,0,0,0,1.00M,EF2,16.92,250,47.3,-95.91
MINNESOTA,27,29,CLEARWATER,22-JUL-13 01:20:00,CST-6,0,0,0,0,750.00K,EF2,4.17,400,47.32,-95.55
MINNESOTA,27,149,STEVENS,06-AUG-13 15:00:00,CST-6,0,0,0,0,0.00K,EF0,0.09,10,45.61,-96.14
MINNESOTA,27,149,STEVENS,06-AUG-13 15:29:00,CST-6,0,0,0,0,0.00K,EF0,0.09,10,45.53,-95.82
MINNESOTA,27,67,KANDIYOHI,06-AUG-13 16:17:00,CST-6,0,0,0,0,0.00K,EF0,0.17,30,45.35,-95.16
MINNESOTA,27,111,OTTER TAIL,26-AUG-13 19:15:00,CST-6,0,0,0,0,,EF0,0.1,50,46.46,-95.16
MINNESOTA,27,21,CASS,29-AUG-13 23:28:00,CST-6,0,0,0,0,,EF1,8.64,300,47.08,-93.93
MINNESOTA,27,1,AITKIN,29-AUG-13 23:45:00,CST-6,0,0,0,0,,EF1,4.29,300,47.01,-93.78
MINNESOTA,27,77,LAKE OF THE WOODS,11-SEP-13 14:19:00,CST-6,0,0,0,0,0.00K,EF0,9.34,30,,
MINNESOTA,27,155,TRAVERSE,11-OCT-13 16:25:00,CST-6,0,0,0,0,,EF1,0.43,70,45.82,-96.27
MISSISSIPPI,28,109,PEARL RIVER,13-JAN-13 16:45:00,CST-6,0,0,0,0,40.00K,EF1,1,150,30.81,-89.5
MISSISSIPPI,28,153,WAYNE,13-JAN-13 18:15:00,CST-6,0,0,0,0,100.00K,EF1,3.35,200,31.59,-88.53
MISSISSIPPI,28,11,BOLIVAR,29-JAN-13 18:48:00,CST-6,0,0,0,0,5.00K,EF0,0.45,50,33.59,-91.02
MISSISSIPPI,28,11,BOLIVAR,29-JAN-13 23:10:00,CST-6,0,0,0,0,175.00K,EF1,5.53,150,33.68,-90.8
MISSISSIPPI,28,95,MONROE,30-JAN-13 04:25:00,CST-6,0,0,0,0,50.00K,EF1,6.99,300,33.84,-88.35
MISSISSIPPI,28,77,LAWRENCE,10-FEB-13 15:39:00,CST-6,0,0,0,0,75.00K,EF1,1.58,140,31.47,-90.01
MISSISSIPPI,28,91,MARION,10-FEB-13 16:23:00,CST-6,3,0,0,0,300.00K,EF2,16.73,400,31.11,-89.92
MISSISSIPPI,28,73,LAMAR,10-FEB-13 16:49:00,CST-6,0,0,0,0,75.00K,EF2,1.4,400,31.21,-89.66
MISSISSIPPI,28,73,LAMAR,10-FEB-13 17:03:00,CST-6,8,0,0,0,13.50M,EF4,7.55,1320,31.28,-89.47
MISSISSIPPI,28,35,FORREST,10-FEB-13 17:15:00,CST-6,63,0,0,0,25.00M,EF3,12.3,1320,31.32,-89.35
MISSISSIPPI,28,111,PERRY,10-FEB-13 17:34:00,CST-6,0,0,0,0,25.00K,EF1,1.8,100,31.35,-89.15
MISSISSIPPI,28,153,WAYNE,10-FEB-13 18:46:00,CST-6,0,0,0,0,100.00K,EF1,3.15,250,31.53,-88.67
MISSISSIPPI,28,153,WAYNE,10-FEB-13 19:14:00,CST-6,0,0,0,0,50.00K,EF1,3.11,200,31.63,-88.54
MISSISSIPPI,28,65,JEFFERSON DAVIS,21-FEB-13 22:31:00,CST-6,0,0,0,0,175.00K,EF2,6.27,400,31.45,-89.86
MISSISSIPPI,28,31,COVINGTON,21-FEB-13 23:00:00,CST-6,0,0,0,0,15.00K,EF0,0.67,75,31.57,-89.59
MISSISSIPPI,28,69,KEMPER,11-APR-13 10:35:00,CST-6,5,0,1,0,700.00K,EF3,23.81,1320,32.64,-88.87
MISSISSIPPI,28,103,NOXUBEE,11-APR-13 11:04:00,CST-6,4,0,0,0,500.00K,EF3,30.17,1320,32.93,-88.64
MISSISSIPPI,28,55,ISSAQUENA,18-APR-13 16:03:00,CST-6,0,0,0,0,25.00K,EF1,1.98,50,32.94,-91.06
MISSISSIPPI,28,151,WASHINGTON,18-APR-13 16:09:00,CST-6,0,0,0,0,0.00K,EF0,0.27,50,33.32,-90.86
MISSISSIPPI,28,125,SHARKEY,18-APR-13 16:21:00,CST-6,0,0,0,0,0.00K,EF0,1.55,50,33.03,-90.87
MISSISSIPPI,28,125,SHARKEY,18-APR-13 16:29:00,CST-6,0,0,0,0,5.00K,EF0,0.27,25,33.07,-90.74
MISSISSIPPI,28,107,PANOLA,27-APR-13 20:55:00,CST-6,0,0,0,0,100.00K,EF2,0.79,75,34.18,-89.91
MISSISSIPPI,28,133,SUNFLOWER,20-SEP-13 18:24:00,CST-6,0,0,0,0,25.00K,EF0,0.42,100,,
MISSISSIPPI,28,127,SIMPSON,20-SEP-13 20:57:00,CST-6,0,0,0,0,0.00K,EF0,3.23,50,,
MISSISSIPPI,28,1,ADAMS,20-SEP-13 22:30:00,CST-6,0,0,0,0,125.00K,EF2,1.21,200,,
MISSISSIPPI,28,1,ADAMS,20-SEP-13 22:54:00,CST-6,0,0,0,0,2.00K,EF1,0.32,200,,
MISSISSIPPI,28,121,RANKIN,21-SEP-13 01:53:00,CST-6,0,0,0,0,70.00K,EF1,0.98,100,,
MISSISSIPPI,28,129,SMITH,21-SEP-13 02:33:00,CST-6,0,0,0,0,50.00K,EF1,0.73,50,,
MISSISSIPPI,28,149,WARREN,20-DEC-13 16:41:00,CST-6,0,0,0,0,5.00K,EF0,0.24,50,32.16,-90.77
MISSISSIPPI,28,49,HINDS,20-DEC-13 16:56:00,CST-6,0,0,0,0,0.00K,EF0,0.14,30,32.2,-90.7
MISSISSIPPI,28,11,BOLIVAR,21-DEC-13 16:59:00,CST-6,0,0,0,0,500.00K,EF2,32.58,440,33.55,-91.23
MISSISSIPPI,28,27,COAHOMA,21-DEC-13 17:19:00,CST-6,2,0,1,0,1.00M,EF2,10.07,300,34.15,-90.77
MISSISSIPPI,28,143,TUNICA,21-DEC-13 17:40:00,CST-6,1,0,0,0,250.00K,EF1,2.67,200,34.45,-90.42
MISSISSIPPI,28,107,PANOLA,21-DEC-13 17:57:00,CST-6,0,0,0,0,50.00K,EF1,4.3,200,34.52,-90.09
MISSISSIPPI,28,137,TATE,21-DEC-13 18:00:00,CST-6,0,0,0,0,125.00K,EF1,1.87,200,34.55,-90.03
MISSISSIPPI,28,137,TATE,21-DEC-13 18:13:00,CST-6,0,0,0,0,50.00K,EF0,0.72,100,34.74,-89.74
MISSOURI,29,39,CEDAR,29-JAN-13 11:00:00,CST-6,0,0,0,0,100.00K,EF1,2.66,200,37.84,-93.88
MISSOURI,29,185,ST. CLAIR,29-JAN-13 11:15:00,CST-6,0,0,0,0,200.00K,EF1,7.69,400,37.98,-93.61
MISSOURI,29,85,HICKORY,29-JAN-13 11:23:00,CST-6,0,0,0,0,25.00K,EF1,0.89,400,38.02,-93.48
MISSOURI,29,219,WARREN,29-JAN-13 15:14:00,CST-6,0,0,0,0,,EF1,1.17,40,38.66,-91.13
MISSOURI,29,113,LINCOLN,29-JAN-13 15:36:00,CST-6,0,0,0,0,,EF0,1.66,30,38.91,-90.81
MISSOURI,29,181,RIPLEY,29-JAN-13 20:14:00,CST-6,0,0,0,0,100.00K,EF1,0.27,100,36.69,-90.76
MISSOURI,29,23,BUTLER,29-JAN-13 20:45:00,CST-6,0,0,0,0,60.00K,EF2,3.39,100,36.76,-90.26
MISSOURI,29,31,CAPE GIRARDEAU,29-JAN-13 21:13:00,CST-6,0,0,0,0,250.00K,EF1,5.45,100,37.18,-89.77
MISSOURI,29,31,CAPE GIRARDEAU,29-JAN-13 21:13:00,CST-6,0,0,0,0,80.00K,EF1,6.79,100,37.33,-89.73
MISSOURI,29,71,FRANKLIN,10-APR-13 18:38:00,CST-6,0,0,0,0,0.00K,EF1,1.32,200,38.59,-90.79
MISSOURI,29,189,ST. LOUIS,10-APR-13 19:00:00,CST-6,2,0,0,0,4.00M,EF2,6.75,500,38.76,-90.43
MISSOURI,29,510,ST. LOUIS (C),10-APR-13 19:10:00,CST-6,0,0,0,0,,EF0,0.25,50,38.61,-90.29
MISSOURI,29,23,BUTLER,10-APR-13 19:58:00,CST-6,0,0,0,0,20.00K,EF0,1.73,75,36.69,-90.32
MISSOURI,29,207,STODDARD,10-APR-13 20:05:00,CST-6,0,0,0,0,40.00K,EF0,1.53,50,36.8,-90.13
MISSOURI,29,137,MONROE,17-APR-13 16:31:00,CST-6,0,0,0,0,,EF1,7.45,70,39.38,-92.12
MISSOURI,29,137,MONROE,17-APR-13 16:35:00,CST-6,0,0,0,0,,EF0,0.07,40,39.4,-92.06
MISSOURI,29,137,MONROE,17-APR-13 17:00:00,CST-6,0,0,0,0,,EF0,0.45,60,39.59,-91.8
MISSOURI,29,97,JASPER,19-MAY-13 23:06:00,CST-6,0,0,0,0,200.00K,EF1,0.5,100,37.17,-94.28
MISSOURI,29,57,DADE,19-MAY-13 23:23:00,CST-6,0,0,0,0,250.00K,EF0,0.65,100,37.39,-93.97
MISSOURI,29,159,PETTIS,20-MAY-13 15:57:00,CST-6,0,0,0,0,20.00K,EF1,14.5,200,38.71,-93.39
MISSOURI,29,39,CEDAR,20-MAY-13 16:37:00,CST-6,0,0,0,0,50.00K,EF0,3.2,100,37.65,-93.83
MISSOURI,29,11,BARTON,20-MAY-13 17:03:00,CST-6,0,0,0,0,50.00K,EF1,6.81,100,37.52,-94.42
MISSOURI,29,145,NEWTON,20-MAY-13 17:41:00,CST-6,0,0,0,0,100.00K,EF1,0.81,400,36.83,-94.62
MISSOURI,29,185,ST. CLAIR,20-MAY-13 17:56:00,CST-6,0,0,0,0,0.00K,EF0,0.48,200,37.94,-93.64
MISSOURI,29,127,MARION,20-MAY-13 18:24:00,CST-6,0,0,0,0,,EF1,1.16,50,39.69,-91.45
MISSOURI,29,9,BARRY,20-MAY-13 18:50:00,CST-6,0,0,0,0,50.00K,EF1,0.53,200,36.63,-93.58
MISSOURI,29,209,STONE,20-MAY-13 18:51:00,CST-6,0,0,0,0,0.00K,EF0,0.89,200,36.63,-93.58
MISSOURI,29,209,STONE,20-MAY-13 19:05:00,CST-6,0,0,0,0,0.00K,EF0,0.58,100,36.78,-93.38
MISSOURI,29,209,STONE,20-MAY-13 19:05:00,CST-6,0,0,0,0,0.00K,EF1,1.35,100,36.79,-93.39
MISSOURI,29,141,MORGAN,20-MAY-13 19:46:00,CST-6,0,0,0,0,50.00K,EF0,0.74,100,38.33,-92.87
MISSOURI,29,91,HOWELL,30-MAY-13 23:20:00,CST-6,0,0,0,0,5.00K,EF1,4.28,400,36.86,-92.01
MISSOURI,29,139,MONTGOMERY,31-MAY-13 17:20:00,CST-6,0,0,0,0,,EF0,0.53,30,38.94,-91.52
MISSOURI,29,139,MONTGOMERY,31-MAY-13 17:21:00,CST-6,0,0,0,0,,EF0,0.21,30,38.94,-91.5
MISSOURI,29,139,MONTGOMERY,31-MAY-13 17:28:00,CST-6,0,0,0,0,,EF0,1.06,40,38.94,-91.46
MISSOURI,29,71,FRANKLIN,31-MAY-13 18:37:00,CST-6,0,0,0,0,,EF1,9.98,550,38.41,-91.05
MISSOURI,29,183,ST. CHARLES,31-MAY-13 18:50:00,CST-6,8,0,0,0,50.00M,EF3,14.76,950,38.69,-90.75
MISSOURI,29,99,JEFFERSON,31-MAY-13 19:01:00,CST-6,0,0,0,0,,EF1,12.41,200,38.4,-90.73
MISSOURI,29,189,ST. LOUIS,31-MAY-13 19:08:00,CST-6,0,0,0,0,10.00M,EF2,16.95,1760,38.75,-90.49
MISSOURI,29,189,ST. LOUIS,31-MAY-13 19:27:00,CST-6,0,0,0,0,0.00K,EF1,2.01,50,38.8,-90.15
MISSOURI,29,77,GREENE,21-JUL-13 18:18:00,CST-6,0,0,0,0,100.00K,EF0,0.62,50,37.21,-93.27
MISSOURI,29,107,LAFAYETTE,26-JUL-13 16:50:00,CST-6,0,0,0,0,0.75K,EF0,0.05,25,39.19,-93.49
MISSOURI,29,181,RIPLEY,31-OCT-13 17:11:00,CST-6,0,0,0,0,100.00K,EF1,4.16,150,36.59,-90.74
MISSOURI,29,23,BUTLER,31-OCT-13 17:30:00,CST-6,0,0,0,0,80.00K,EF1,0.22,50,36.63,-90.47
MISSOURI,29,23,BUTLER,31-OCT-13 17:48:00,CST-6,0,0,0,0,100.00K,EF1,5.7,75,36.7,-90.27
MISSOURI,29,17,BOLLINGER,31-OCT-13 17:54:00,CST-6,0,0,0,0,70.00K,EF1,1.5,200,37.25,-89.95
MISSOURI,29,207,STODDARD,31-OCT-13 18:02:00,CST-6,0,0,0,0,75.00K,EF1,14.25,100,36.73,-90.03
MISSOURI,29,31,CAPE GIRARDEAU,31-OCT-13 18:05:00,CST-6,0,0,0,0,130.00K,EF1,3.9,150,37.28,-89.71
MISSOURI,29,207,STODDARD,31-OCT-13 18:24:00,CST-6,0,0,0,0,800.00K,EF2,1.93,100,36.73,-89.85
MISSOURI,29,143,NEW MADRID,31-OCT-13 18:40:00,CST-6,0,0,0,0,175.00K,EF1,2.99,50,36.81,-89.63
MISSOURI,29,133,MISSISSIPPI,31-OCT-13 19:05:00,CST-6,0,0,0,0,90.00K,EF1,6.7,200,36.92,-89.22
MISSOURI,29,157,PERRY,17-NOV-13 12:26:00,CST-6,0,0,0,0,1.00K,EF0,0.1,50,37.61,-89.66
MISSOURI,29,201,SCOTT,17-NOV-13 13:07:00,CST-6,0,0,0,0,1.00M,EF3,14.25,600,37.02,-89.73
MONTANA,30,25,FALLON,03-JUN-13 15:00:00,MST-7,0,0,0,0,0.00K,EF0,1,50,46.5,-104.19
MONTANA,30,65,MUSSELSHELL,08-JUL-13 15:48:00,MST-7,0,0,0,0,0.00K,EF0,0.5,50,46.61,-107.87
MONTANA,30,17,CUSTER,08-JUL-13 17:54:00,MST-7,0,0,0,0,0.00K,EF1,0.57,100,46.24,-105.76
MONTANA,30,85,ROOSEVELT,15-JUL-13 14:45:00,MST-7,0,0,0,0,500.00K,EF2,22.99,440,48.35,-105.61
MONTANA,30,75,POWDER RIVER,03-AUG-13 18:15:00,MST-7,0,0,0,0,,EF0,1,100,45.44,-105.6
MONTANA,30,29,FLATHEAD,04-NOV-13 07:42:00,MST-7,0,0,0,0,0.00K,EF0,0.75,200,47.97,-114.07
NEBRASKA,31,19,BUFFALO,19-MAR-13 16:00:00,CST-6,0,0,0,0,0.00K,EF0,0.58,10,40.74,-98.73
NEBRASKA,31,111,LINCOLN,29-MAR-13 17:02:00,CST-6,0,0,0,0,0.00K,EF0,0.32,25,41.11,-101.2
NEBRASKA,31,111,LINCOLN,29-MAR-13 17:06:00,CST-6,0,0,0,0,0.00K,EF0,0.11,20,41.13,-101.13
NEBRASKA,31,57,DUNDY,08-APR-13 20:06:00,MST-7,0,0,0,0,250.00K,EF1,0.75,75,40.07,-101.46
NEBRASKA,31,45,DAWES,17-MAY-13 14:54:00,MST-7,0,0,0,0,0.00K,EF0,2.67,50,42.78,-103.4
NEBRASKA,31,123,MORRILL,18-MAY-13 15:58:00,MST-7,0,0,0,0,0.00K,EF0,1,50,41.73,-102.85
NEBRASKA,31,77,GREELEY,19-MAY-13 15:51:00,CST-6,0,0,0,0,40.00K,EF1,0.23,25,41.44,-98.36
NEBRASKA,31,105,KIMBALL,27-MAY-13 13:05:00,MST-7,0,0,0,0,0.00K,EF0,7.38,50,41.28,-103.73
NEBRASKA,31,105,KIMBALL,27-MAY-13 14:25:00,MST-7,0,0,0,0,0.00K,EF0,5.43,50,41.3,-103.57
NEBRASKA,31,165,SIOUX,27-MAY-13 14:58:00,MST-7,0,0,0,0,0.00K,EF0,2,50,42.53,-103.66
NEBRASKA,31,13,BOX BUTTE,27-MAY-13 15:05:00,MST-7,0,0,0,0,0.00K,EF0,0.3,30,42.32,-103.42
NEBRASKA,31,35,CLAY,27-MAY-13 18:32:00,CST-6,0,0,0,0,4.00M,EF2,4.47,250,40.37,-98.01
NEBRASKA,31,95,JEFFERSON,27-MAY-13 19:51:00,CST-6,0,0,0,0,0.00K,EF0,3.28,100,40.14,-97.02
NEBRASKA,31,95,JEFFERSON,27-MAY-13 20:02:00,CST-6,0,0,0,0,0.00K,EF2,5.93,600,40.18,-96.92
NEBRASKA,31,67,GAGE,27-MAY-13 20:16:00,CST-6,0,0,0,0,0.00K,EF0,1.36,100,40.22,-96.76
NEBRASKA,31,165,SIOUX,28-MAY-13 14:23:00,MST-7,0,0,0,0,0.00K,EF0,6.31,75,42.08,-103.73
NEBRASKA,31,13,BOX BUTTE,28-MAY-13 15:05:00,MST-7,0,0,0,0,0.00K,EF0,2.16,50,42.13,-103.42
NEBRASKA,31,35,CLAY,29-MAY-13 13:56:00,CST-6,0,0,0,0,0.00K,EF0,0.49,25,40.55,-98.05
NEBRASKA,31,35,CLAY,29-MAY-13 14:45:00,CST-6,0,0,0,0,0.00K,EF0,0.01,15,40.69,-97.86
NEBRASKA,31,185,YORK,29-MAY-13 15:20:00,CST-6,0,0,0,0,0.00K,EF0,0.01,15,40.85,-97.75
NEBRASKA,31,35,CLAY,29-MAY-13 15:21:00,CST-6,0,0,0,0,200.00K,EF1,4.34,75,40.55,-98.04
NEBRASKA,31,185,YORK,29-MAY-13 15:36:00,CST-6,0,0,0,0,500.00K,EF1,8.39,150,40.91,-97.64
NEBRASKA,31,41,CUSTER,29-MAY-13 15:46:00,CST-6,0,0,0,0,0.00K,EF0,0.25,35,41.56,-99.26
NEBRASKA,31,185,YORK,29-MAY-13 15:48:00,CST-6,0,0,0,0,1.50M,EF1,15.93,400,40.8,-97.59
NEBRASKA,31,23,BUTLER,29-MAY-13 17:00:00,CST-6,0,0,0,0,0.00K,EF0,0.64,25,41.23,-97.26
NEBRASKA,31,93,HOWARD,29-MAY-13 17:05:00,CST-6,0,0,0,0,0.00K,EF0,0.01,15,41.32,-98.72
NEBRASKA,31,183,WHEELER,29-MAY-13 17:08:00,CST-6,0,0,0,0,0.00K,EF0,0.2,35,41.85,-98.59
NEBRASKA,31,45,DAWES,11-JUN-13 19:31:00,MST-7,0,0,0,0,0.00K,EF1,0.99,40,42.58,-103.17
NEBRASKA,31,45,DAWES,11-JUN-13 19:47:00,MST-7,0,0,0,0,0.00K,EF0,0.76,40,42.64,-103.06
NEBRASKA,31,31,CHERRY,16-JUN-13 14:41:00,CST-6,0,0,0,0,0.00K,EF0,0.2,35,42.33,-101.95
NEBRASKA,31,33,CHEYENNE,21-JUN-13 14:01:00,MST-7,0,0,0,0,0.00K,EF0,0.33,50,41.19,-103.2
NEBRASKA,31,33,CHEYENNE,21-JUN-13 15:01:00,MST-7,0,0,0,0,0.00K,EF0,0.33,50,41.21,-102.97
NEBRASKA,31,161,SHERIDAN,21-JUN-13 16:31:00,MST-7,0,0,0,0,100.00K,EF0,0.72,33,42.73,-102.19
NEBRASKA,31,7,BANNER,22-JUN-13 15:50:00,MST-7,0,0,0,0,0.00K,EF1,7.87,100,41.67,-104.02
NEBRASKA,31,7,BANNER,22-JUN-13 16:26:00,MST-7,0,0,0,0,0.00K,EF0,1.15,40,41.58,-103.71
NEBRASKA,31,105,KIMBALL,22-JUN-13 17:58:00,MST-7,0,0,0,0,0.00K,EF0,0.58,40,41.23,-103.48
NEBRASKA,31,41,CUSTER,09-JUL-13 16:10:00,CST-6,0,0,0,0,0.00K,EF0,0.01,20,41.08,-99.78
NEBRASKA,31,47,DAWSON,09-JUL-13 16:14:00,CST-6,0,0,0,0,0.00K,EF0,1.72,50,41.02,-99.95
NEBRASKA,31,41,CUSTER,09-JUL-13 16:15:00,CST-6,0,0,0,0,0.00K,EF0,0.22,75,41.1,-99.91
NEBRASKA,31,161,SHERIDAN,20-JUL-13 16:26:00,MST-7,0,0,0,0,0.00K,EF0,0.1,60,42.6,-102.34
NEBRASKA,31,109,LANCASTER,03-OCT-13 21:08:00,CST-6,0,0,0,0,0.00K,EF2,11.19,300,40.68,-96.46
NEBRASKA,31,131,OTOE,03-OCT-13 21:34:00,CST-6,0,0,0,0,0.00K,EF2,4.08,300,40.68,-96.46
NEBRASKA,31,25,CASS,03-OCT-13 21:55:00,CST-6,0,0,0,0,0.00K,EF0,4.46,100,40.78,-96.29
NEBRASKA,31,167,STANTON,04-OCT-13 15:32:00,CST-6,0,0,0,0,0.00K,EF0,4.71,100,41.87,-97.34
NEBRASKA,31,3,ANTELOPE,04-OCT-13 15:48:00,CST-6,0,0,0,0,0.00K,EF2,6.64,264,42.25,-98.09
NEBRASKA,31,179,WAYNE,04-OCT-13 16:12:00,CST-6,15,0,0,0,0.00K,EF4,10.77,"2,428.8",42.13,-97.08
NEBRASKA,31,107,KNOX,04-OCT-13 16:20:00,CST-6,0,0,0,0,0.00K,EF3,6.43,590,42.43,-97.88
NEBRASKA,31,51,DIXON,04-OCT-13 16:35:00,CST-6,0,0,0,0,500.00K,EF2,7.57,2394,42.26,-96.96
NEBRASKA,31,173,THURSTON,04-OCT-13 16:55:00,CST-6,2,0,0,0,0.00K,EF2,7.29,250,42.08,-96.39
NEBRASKA,31,51,DIXON,04-OCT-13 16:59:00,CST-6,0,0,0,0,0.00K,EF0,0.68,50,42.39,-96.73
NEBRASKA,31,43,DAKOTA,04-OCT-13 16:59:00,CST-6,0,0,0,0,0.00K,EF0,0.64,50,42.36,-96.87
NEBRASKA,31,43,DAKOTA,04-OCT-13 17:25:00,CST-6,0,0,0,0,0.00K,EF0,1.71,400,42.49,-96.59
NEW JERSEY,34,39,UNION,01-JUL-13 08:17:00,EST-5,0,0,0,0,20.00K,EF0,4.77,50,40.68,-74.45
NEW JERSEY,34,29,OCEAN,13-AUG-13 09:05:00,EST-5,0,0,0,0,250.00K,EF0,3.16,100,,
NEW JERSEY,34,3,BERGEN,07-OCT-13 14:16:00,EST-5,0,0,0,0,30.00K,EF1,1.25,100,,
NEW MEXICO,35,45,SAN JUAN,10-SEP-13 22:45:00,MST-7,0,0,0,0,0.00K,EF0,0.21,10,,
NEW MEXICO,35,45,SAN JUAN,18-SEP-13 12:44:00,MST-7,0,0,0,0,0.00K,EF0,0.15,20,,
NEW YORK,36,17,CHENANGO,19-APR-13 18:53:00,EST-5,0,0,0,0,70.00K,EF0,1.99,200,42.25,-75.45
NEW YORK,36,25,DELAWARE,19-APR-13 18:56:00,EST-5,0,0,0,0,30.00K,EF0,1.21,200,42.26,-75.42
NEW YORK,36,57,MONTGOMERY,29-MAY-13 17:47:00,EST-5,0,0,0,0,,EF1,0.58,500,42.85,-74.2
NEW YORK,36,93,SCHENECTADY,29-MAY-13 17:48:00,EST-5,1,0,0,0,,EF2,12.22,1760,42.85,-74.19
NEW YORK,36,95,SCHOHARIE,29-MAY-13 17:57:00,EST-5,0,0,0,0,0.00K,EF1,1.57,200,42.53,-74.58
NEW YORK,36,91,SARATOGA,29-MAY-13 18:10:00,EST-5,0,0,0,0,,EF1,0.75,200,42.79,-73.81
NEW YORK,36,55,MONROE,19-JUL-13 18:31:00,EST-5,0,0,0,0,35.00K,EF0,0.28,10,43.32,-77.72
NEW YORK,36,101,STEUBEN,27-JUL-13 17:10:00,EST-5,0,0,0,0,100.00K,EF1,14,500,42.05,-77.55
NORTH CAROLINA,37,101,JOHNSTON,26-FEB-13 20:18:00,EST-5,0,0,0,0,45.00K,EF0,0.49,75,35.58,-78.25
NORTH CAROLINA,37,19,BRUNSWICK,07-JUN-13 00:22:00,EST-5,0,0,0,0,10.00K,EF0,0.09,20,33.94,-78.25
NORTH CAROLINA,37,133,ONSLOW,10-JUN-13 19:05:00,EST-5,0,0,0,0,0.50K,EF1,0.57,50,34.81,-77.41
NORTH CAROLINA,37,87,HAYWOOD,13-JUN-13 15:10:00,EST-5,1,0,0,0,0.00K,EF1,1.88,100,35.74,-83.18
NORTH CAROLINA,37,69,FRANKLIN,18-JUN-13 17:30:00,EST-5,0,0,0,0,150.00K,EF0,1.25,150,35.98,-78.39
NORTH CAROLINA,37,145,PERSON,02-JUL-13 11:25:00,EST-5,0,0,0,0,100.00K,EF0,0.43,180,36.51,-79.08
NORTH CAROLINA,37,169,STOKES,21-SEP-13 16:58:00,EST-5,0,0,0,0,85.00K,EF1,0.53,90,,
NORTH CAROLINA,37,19,BRUNSWICK,22-SEP-13 03:39:00,EST-5,0,0,0,0,10.00K,EF0,0.21,20,,
NORTH CAROLINA,37,31,CARTERET,26-NOV-13 22:15:00,EST-5,2,0,0,0,2.50M,EF2,0.36,200,34.7,-76.77
NORTH CAROLINA,37,31,CARTERET,26-NOV-13 22:17:00,EST-5,0,0,0,0,4.00M,EF1,3.22,200,34.72,-76.76
NORTH DAKOTA,38,99,WALSH,31-MAY-13 12:53:00,CST-6,0,0,0,0,,EF0,0.1,25,48.42,-97.31
NORTH DAKOTA,38,99,WALSH,31-MAY-13 13:17:00,CST-6,0,0,0,0,,EF0,2.25,25,48.44,-97.32
NORTH DAKOTA,38,11,BOWMAN,03-JUN-13 15:15:00,MST-7,0,0,0,0,0.00K,EF0,0.03,20,46.17,-103.43
NORTH DAKOTA,38,33,GOLDEN VALLEY,03-JUN-13 16:20:00,MST-7,0,0,0,0,5.00K,EF0,0.02,20,46.67,-103.66
NORTH DAKOTA,38,1,ADAMS,03-JUN-13 17:05:00,MST-7,0,0,0,0,0.00K,EF0,0.26,30,46.15,-102.64
NORTH DAKOTA,38,77,RICHLAND,04-JUN-13 18:16:00,CST-6,0,0,0,0,,EF0,0.1,20,46.43,-97.03
NORTH DAKOTA,38,3,BARNES,20-JUN-13 17:11:00,CST-6,0,0,0,0,,EF0,0.1,20,47.05,-98.3
NORTH DAKOTA,38,49,MCHENRY,25-JUN-13 15:12:00,CST-6,0,0,0,0,0.00K,EF0,1.78,20,47.95,-100.93
NORTH DAKOTA,38,59,MORTON,09-JUL-13 14:54:00,CST-6,0,0,0,0,95.00K,EF0,1.84,50,46.91,-101.26
NORTH DAKOTA,38,81,SARGENT,12-JUL-13 18:45:00,CST-6,0,0,0,0,0.00K,EF0,0.1,20,46.06,-97.35
NORTH DAKOTA,38,49,MCHENRY,21-JUL-13 16:42:00,CST-6,0,0,0,0,0.00K,EF0,4.55,50,48.36,-100.9
NORTH DAKOTA,38,71,RAMSEY,21-JUL-13 20:08:00,CST-6,0,0,0,0,,EF1,1.5,100,48.44,-98.88
NORTH DAKOTA,38,77,RICHLAND,06-AUG-13 15:13:00,CST-6,0,0,0,0,,EF0,0.5,100,46.47,-97.02
NORTH DAKOTA,38,77,RICHLAND,06-AUG-13 15:26:00,CST-6,0,0,0,0,,EF1,3,150,46.37,-96.84
NORTH DAKOTA,38,59,MORTON,30-AUG-13 18:10:00,CST-6,0,0,0,0,0.00K,EF0,2.49,30,46.88,-101.49
NORTH DAKOTA,38,67,PEMBINA,31-AUG-13 15:05:00,CST-6,0,0,0,0,,EF0,1,20,48.63,-97.62
OHIO,39,161,VAN WERT,12-JUN-13 22:27:00,EST-5,0,0,0,0,0.00K,EF0,0.64,80,40.75,-84.8
OHIO,39,107,MERCER,12-JUN-13 22:35:00,EST-5,0,0,0,0,40.00K,EF0,0.06,100,40.72,-84.68
OHIO,39,69,HENRY,12-JUN-13 22:55:00,EST-5,0,0,0,0,0.00K,EF0,0.04,25,41.19,-84.11
OHIO,39,69,HENRY,12-JUN-13 22:59:00,EST-5,0,0,0,0,0.00K,EF1,0.43,50,41.25,-84.04
OHIO,39,69,HENRY,12-JUN-13 23:02:00,EST-5,0,0,0,0,0.00K,EF1,0.17,75,41.3,-84.01
OHIO,39,11,AUGLAIZE,12-JUN-13 23:03:00,EST-5,0,0,0,0,350.00K,EF0,2.32,50,40.5,-84.3
OHIO,39,69,HENRY,12-JUN-13 23:03:00,EST-5,0,0,0,0,0.00K,EF0,0.11,15,41.3,-83.99
OHIO,39,69,HENRY,12-JUN-13 23:03:00,EST-5,0,0,0,0,0.00K,EF0,0.25,15,41.3,-83.99
OHIO,39,173,WOOD,12-JUN-13 23:25:00,EST-5,0,0,0,0,100.00K,EF0,0.94,50,41.28,-83.86
OHIO,39,41,DELAWARE,13-JUN-13 00:15:00,EST-5,0,0,0,0,200.00K,EF0,0.21,50,40.36,-83.18
OHIO,39,147,SENECA,08-JUL-13 20:02:00,EST-5,0,0,0,0,75.00K,EF0,0.05,15,41.24,-83.28
OHIO,39,147,SENECA,10-JUL-13 13:24:00,EST-5,0,0,0,0,150.00K,EF0,6.06,50,41.14,-82.94
OHIO,39,77,HURON,10-JUL-13 13:32:00,EST-5,0,0,0,0,50.00K,EF0,4.09,50,41.18,-82.84
OHIO,39,143,SANDUSKY,10-JUL-13 14:13:00,EST-5,0,0,0,0,250.00K,EF0,0.8,50,41.27,-82.86
OHIO,39,5,ASHLAND,10-JUL-13 14:56:00,EST-5,0,0,0,0,75.00K,EF0,1.03,15,40.87,-82.17
OHIO,39,157,TUSCARAWAS,10-JUL-13 15:44:00,EST-5,0,0,0,0,75.00K,EF1,11.1,300,40.63,-81.45
OHIO,39,19,CARROLL,10-JUL-13 15:59:00,EST-5,0,0,0,0,5.00K,EF0,2.25,300,40.54,-81.26
OHIO,39,19,CARROLL,10-JUL-13 16:07:00,EST-5,0,0,0,0,25.00K,EF1,9.06,150,40.49,-81.11
OHIO,39,19,CARROLL,19-JUL-13 16:07:00,EST-5,0,0,0,0,25.00K,EF0,0.63,175,40.51,-80.95
OHIO,39,35,CUYAHOGA,20-JUL-13 02:35:00,EST-5,0,0,0,0,350.00K,EF1,1.34,200,41.5,-81.47
OHIO,39,19,CARROLL,23-JUL-13 16:22:00,EST-5,0,0,0,0,20.00K,EF0,2.14,75,40.69,-80.94
OHIO,39,29,COLUMBIANA,23-JUL-13 16:27:00,EST-5,0,0,0,0,5.00K,EF0,1.01,75,40.67,-80.91
OHIO,39,169,WAYNE,07-AUG-13 14:01:00,EST-5,0,0,0,0,50.00K,EF1,0.87,50,40.81,-81.8
OHIO,39,59,GUERNSEY,12-SEP-13 18:56:00,EST-5,0,0,0,0,5.00K,EF0,0.2,50,,
OHIO,39,113,MONTGOMERY,31-OCT-13 22:30:00,EST-5,8,0,0,0,2.00M,EF1,0.58,50,39.89,-84.19
OHIO,39,109,MIAMI,31-OCT-13 22:38:00,EST-5,0,0,0,0,70.00K,EF0,0.3,30,40.18,-84.03
OHIO,39,49,FRANKLIN,31-OCT-13 23:40:00,EST-5,0,0,0,0,300.00K,EF0,0.27,50,39.88,-83
OHIO,39,89,LICKING,01-NOV-13 00:07:00,EST-5,0,0,0,0,100.00K,EF0,0.14,50,39.97,-82.53
OHIO,39,161,VAN WERT,17-NOV-13 16:47:00,EST-5,0,0,0,0,0.00K,EF1,2.14,150,40.97,-84.46
OHIO,39,137,PUTNAM,17-NOV-13 16:52:00,EST-5,0,0,0,0,0.00K,EF1,3.05,440,40.96,-84.39
OHIO,39,125,PAULDING,17-NOV-13 16:54:00,EST-5,0,0,0,0,0.00K,EF1,0.02,440,40.99,-84.34
OHIO,39,137,PUTNAM,17-NOV-13 16:55:00,EST-5,0,0,0,0,0.00K,EF2,8.04,440,40.99,-84.34
OHIO,39,173,WOOD,17-NOV-13 17:32:00,EST-5,0,0,0,0,50.00K,EF1,1.04,75,41.19,-83.71
OHIO,39,173,WOOD,17-NOV-13 17:35:00,EST-5,0,0,0,0,1.50M,EF2,7.04,100,41.54,-83.57
OHIO,39,173,WOOD,17-NOV-13 17:41:00,EST-5,0,0,0,0,200.00K,EF1,1.32,100,41.25,-83.6
OHIO,39,95,LUCAS,17-NOV-13 17:48:00,EST-5,0,0,0,0,1.10M,EF2,4.24,100,41.62,-83.48
OHIO,39,123,OTTAWA,17-NOV-13 18:00:00,EST-5,0,0,0,0,50.00K,EF1,0.76,75,41.47,-83.22
OKLAHOMA,40,83,LOGAN,29-JAN-13 06:48:00,CST-6,0,0,0,0,200.00K,EF1,1.1,40,36.16,-97.46
OKLAHOMA,40,135,SEQUOYAH,29-JAN-13 14:55:00,CST-6,0,0,0,0,0.00K,EF1,2.4,400,35.6,-94.5
OKLAHOMA,40,101,MUSKOGEE,30-MAR-13 20:35:00,CST-6,0,0,0,0,25.00K,EF0,1,200,35.81,-95.3
OKLAHOMA,40,145,WAGONER,30-MAR-13 20:36:00,CST-6,0,0,0,0,5.00K,EF0,0.1,120,35.81,-95.29
OKLAHOMA,40,135,SEQUOYAH,30-MAR-13 22:20:00,CST-6,0,0,0,0,100.00K,EF1,0.5,175,35.43,-94.81
OKLAHOMA,40,31,COMANCHE,17-APR-13 17:50:00,CST-6,0,0,0,0,200.00K,EF0,3.41,100,34.58,-98.56
OKLAHOMA,40,141,TILLMAN,17-APR-13 19:35:00,CST-6,0,0,0,0,500.00K,EF1,5.21,200,34.27,-98.8
OKLAHOMA,40,143,TULSA,17-APR-13 22:50:00,CST-6,0,0,0,0,0.00K,EF0,0.5,50,35.87,-96.02
OKLAHOMA,40,143,TULSA,17-APR-13 23:01:00,CST-6,0,0,0,0,50.00K,EF0,1.3,250,35.97,-95.84
OKLAHOMA,40,143,TULSA,17-APR-13 23:03:00,CST-6,0,0,0,0,250.00K,EF1,2.1,400,35.97,-95.85
OKLAHOMA,40,131,ROGERS,17-APR-13 23:28:00,CST-6,0,0,0,0,40.00K,EF0,0.9,125,36.1,-95.53
OKLAHOMA,40,131,ROGERS,17-APR-13 23:29:00,CST-6,0,0,0,0,100.00K,EF1,1.8,140,36.12,-95.52
OKLAHOMA,40,131,ROGERS,17-APR-13 23:33:00,CST-6,0,0,0,0,80.00K,EF1,1.9,180,36.15,-95.5
OKLAHOMA,40,97,MAYES,17-APR-13 23:48:00,CST-6,0,0,0,0,30.00K,EF1,6.5,100,36.25,-95.29
OKLAHOMA,40,97,MAYES,18-APR-13 00:07:00,CST-6,2,0,0,0,750.00K,EF1,3.5,350,36.38,-95.08
OKLAHOMA,40,41,DELAWARE,18-APR-13 00:30:00,CST-6,0,0,0,0,400.00K,EF2,8,800,36.49,-94.78
OKLAHOMA,40,43,DEWEY,26-APR-13 17:31:00,CST-6,0,0,0,0,0.00K,EF0,0.16,50,35.95,-98.99
OKLAHOMA,40,51,GRADY,08-MAY-13 19:18:00,CST-6,0,0,0,0,,EF0,0.1,50,35.27,-97.89
OKLAHOMA,40,75,KIOWA,09-MAY-13 16:00:00,CST-6,0,0,0,0,0.00K,EF0,0.1,10,34.66,-98.95
OKLAHOMA,40,65,JACKSON,09-MAY-13 17:21:00,CST-6,0,0,0,0,0.00K,EF0,0.1,20,34.52,-99.39
OKLAHOMA,40,123,PONTOTOC,15-MAY-13 17:34:00,CST-6,0,0,0,0,20.00K,EF0,0.5,50,34.78,-96.71
OKLAHOMA,40,109,OKLAHOMA,19-MAY-13 15:22:00,CST-6,0,0,0,0,,EF1,4.5,900,35.62,-97.48
OKLAHOMA,40,109,OKLAHOMA,19-MAY-13 15:33:00,CST-6,0,0,0,0,,EF1,0.54,200,35.65,-97.36
OKLAHOMA,40,109,OKLAHOMA,19-MAY-13 15:41:00,CST-6,0,0,0,0,,EF2,5,1000,35.69,-97.23
OKLAHOMA,40,83,LOGAN,19-MAY-13 15:54:00,CST-6,0,0,0,0,,EF2,0.84,1000,35.72,-97.15
OKLAHOMA,40,81,LINCOLN,19-MAY-13 15:56:00,CST-6,4,0,0,0,,EF3,15,1200,35.73,-97.14
OKLAHOMA,40,27,CLEVELAND,19-MAY-13 17:00:00,CST-6,4,0,0,0,,EF3,10.5,1150,35.25,-97.3
OKLAHOMA,40,125,POTTAWATOMIE,19-MAY-13 17:20:00,CST-6,6,0,2,0,,EF4,12.5,1500,35.31,-97.14
OKLAHOMA,40,125,POTTAWATOMIE,19-MAY-13 17:40:00,CST-6,0,0,0,0,,EF0,2,30,35.34,-97.02
OKLAHOMA,40,37,CREEK,19-MAY-13 17:47:00,CST-6,0,0,0,0,0.00K,EF0,0.2,50,35.93,-96.61
OKLAHOMA,40,125,POTTAWATOMIE,19-MAY-13 17:59:00,CST-6,0,0,0,0,,EF0,0.5,250,35.46,-96.8
OKLAHOMA,40,81,LINCOLN,19-MAY-13 18:00:00,CST-6,0,0,0,0,,EF2,6.75,450,35.46,-96.79
OKLAHOMA,40,81,LINCOLN,19-MAY-13 18:17:00,CST-6,0,0,0,0,,EF0,2.12,300,35.53,-96.65
OKLAHOMA,40,107,OKFUSKEE,19-MAY-13 18:20:00,CST-6,0,0,0,0,50.00K,EF1,10.9,700,35.55,-96.62
OKLAHOMA,40,37,CREEK,19-MAY-13 18:38:00,CST-6,0,0,0,0,0.00K,EF1,1.4,200,35.64,-96.46
OKLAHOMA,40,87,MCCLAIN,20-MAY-13 13:56:00,CST-6,5,0,0,0,,EF4,1.85,1280,35.28,-97.63
OKLAHOMA,40,137,STEPHENS,20-MAY-13 13:58:00,CST-6,0,0,0,0,0.00K,EF0,1,30,34.56,-97.91
OKLAHOMA,40,27,CLEVELAND,20-MAY-13 14:04:00,CST-6,207,0,24,0,2.00B,EF5,12,1900,35.3,-97.61
OKLAHOMA,40,137,STEPHENS,20-MAY-13 14:07:00,CST-6,0,0,0,0,20.00K,EF1,4,200,34.6,-97.93
OKLAHOMA,40,113,OSAGE,20-MAY-13 14:51:00,CST-6,0,0,0,0,5.00K,EF1,4.5,500,36.42,-96.08
OKLAHOMA,40,147,WASHINGTON,20-MAY-13 15:01:00,CST-6,0,0,0,0,0.00K,EF1,2,500,36.44,-96
OKLAHOMA,40,147,WASHINGTON,20-MAY-13 15:21:00,CST-6,0,0,0,0,10.00K,EF1,4.5,400,36.49,-95.9
OKLAHOMA,40,147,WASHINGTON,20-MAY-13 15:33:00,CST-6,0,0,0,0,0.00K,EF0,0.6,150,36.55,-95.82
OKLAHOMA,40,131,ROGERS,20-MAY-13 15:34:00,CST-6,0,0,0,0,30.00K,EF1,5.4,500,36.55,-95.81
OKLAHOMA,40,81,LINCOLN,20-MAY-13 15:40:00,CST-6,0,0,0,0,0.00K,EF0,1.21,100,35.56,-96.81
OKLAHOMA,40,115,OTTAWA,20-MAY-13 17:25:00,CST-6,0,0,0,0,1.00M,EF2,10,800,36.81,-94.85
OKLAHOMA,40,1,ADAIR,20-MAY-13 17:32:00,CST-6,0,0,0,0,0.00K,EF1,2,150,35.95,-94.76
OKLAHOMA,40,115,OTTAWA,20-MAY-13 17:32:00,CST-6,0,0,0,0,150.00K,EF1,8.5,600,36.81,-94.77
OKLAHOMA,40,1,ADAIR,20-MAY-13 17:35:00,CST-6,0,0,0,0,15.00K,EF1,2.5,300,35.94,-94.73
OKLAHOMA,40,1,ADAIR,20-MAY-13 17:40:00,CST-6,0,0,0,0,125.00K,EF1,5.8,500,35.98,-94.61
OKLAHOMA,40,29,COAL,20-MAY-13 17:49:00,CST-6,0,0,0,0,30.00K,EF1,5.9,250,34.45,-96.28
OKLAHOMA,40,79,LE FLORE,20-MAY-13 19:33:00,CST-6,0,0,0,0,0.00K,EF0,0.7,260,35.14,-94.88
OKLAHOMA,40,79,LE FLORE,20-MAY-13 19:44:00,CST-6,0,0,0,0,5.00K,EF1,8.5,500,35.07,-94.59
OKLAHOMA,40,7,BEAVER,28-MAY-13 14:08:00,CST-6,0,0,0,0,0.00K,EF0,0.82,25,36.8,-100.33
OKLAHOMA,40,7,BEAVER,28-MAY-13 14:29:00,CST-6,0,0,0,0,0.00K,EF0,1.77,25,36.9,-100.43
OKLAHOMA,40,17,CANADIAN,29-MAY-13 16:00:00,CST-6,0,0,0,0,20.00K,EF1,0.2,20,35.6,-98.23
OKLAHOMA,40,27,CLEVELAND,29-MAY-13 17:42:00,CST-6,0,0,0,0,40.00K,EF1,0.1,10,35.19,-97.45
OKLAHOMA,40,9,BECKHAM,29-MAY-13 18:21:00,CST-6,0,0,0,0,0.00K,EF0,0.75,150,35.03,-99.88
OKLAHOMA,40,119,PAYNE,30-MAY-13 14:08:00,CST-6,0,0,0,0,0.00K,EF0,0.26,100,35.96,-97.04
OKLAHOMA,40,119,PAYNE,30-MAY-13 14:15:00,CST-6,0,0,0,0,0.00K,EF0,0.71,100,35.98,-96.94
OKLAHOMA,40,119,PAYNE,30-MAY-13 14:26:00,CST-6,0,0,0,0,0.00K,EF0,1.64,200,36.01,-96.88
OKLAHOMA,40,89,MCCURTAIN,30-MAY-13 14:35:00,CST-6,0,0,0,0,10.00K,EF1,3.4,330,34.37,-94.5
OKLAHOMA,40,119,PAYNE,30-MAY-13 14:37:00,CST-6,0,0,0,0,0.00K,EF0,0.37,50,36.03,-96.79
OKLAHOMA,40,37,CREEK,30-MAY-13 15:01:00,CST-6,0,0,0,0,0.00K,EF0,0.1,50,36.13,-96.6
OKLAHOMA,40,49,GARVIN,30-MAY-13 16:58:00,CST-6,0,0,0,0,0.00K,EF0,0.41,200,34.56,-97.5
OKLAHOMA,40,97,MAYES,30-MAY-13 17:49:00,CST-6,0,0,0,0,0.00K,EF0,0.1,50,36.08,-95.42
OKLAHOMA,40,97,MAYES,30-MAY-13 17:54:00,CST-6,0,0,0,0,0.00K,EF0,0.1,50,36.09,-95.4
OKLAHOMA,40,97,MAYES,30-MAY-13 18:08:00,CST-6,0,0,0,0,0.00K,EF0,0.6,100,36.1,-95.37
OKLAHOMA,40,97,MAYES,30-MAY-13 18:24:00,CST-6,0,0,0,0,0.00K,EF1,2.1,200,36.12,-95.23
OKLAHOMA,40,143,TULSA,30-MAY-13 19:40:00,CST-6,0,0,0,0,50.00K,EF1,0.6,220,36.02,-95.77
OKLAHOMA,40,145,WAGONER,30-MAY-13 19:41:00,CST-6,0,0,0,0,3.00M,EF2,5,450,36.03,-95.76
OKLAHOMA,40,73,KINGFISHER,31-MAY-13 16:35:00,CST-6,0,0,0,0,0.00K,EF0,1,50,35.88,-98.19
OKLAHOMA,40,17,CANADIAN,31-MAY-13 16:55:00,CST-6,0,0,0,0,1.00K,EF0,0.35,30,35.5,-98.12
OKLAHOMA,40,17,CANADIAN,31-MAY-13 17:03:00,CST-6,26,0,8,0,300.00K,EF3,16.2,4576,35.48,-98.1
OKLAHOMA,40,17,CANADIAN,31-MAY-13 17:12:00,CST-6,0,0,0,0,0.00K,EF0,0.5,120,35.44,-98
OKLAHOMA,40,17,CANADIAN,31-MAY-13 17:13:00,CST-6,0,0,0,0,0.00K,EF0,0.5,350,35.46,-98.01
OKLAHOMA,40,113,OSAGE,31-MAY-13 17:18:00,CST-6,0,0,0,0,0.00K,EF0,0.1,50,36.95,-96.07
OKLAHOMA,40,17,CANADIAN,31-MAY-13 17:29:00,CST-6,1,0,0,0,20.00K,EF2,5,150,35.49,-97.85
OKLAHOMA,40,113,OSAGE,31-MAY-13 17:30:00,CST-6,0,0,0,0,2.00K,EF1,2.5,200,36.62,-96.6
OKLAHOMA,40,147,WASHINGTON,31-MAY-13 17:38:00,CST-6,0,0,0,0,5.00K,EF1,1.2,200,36.96,-95.83
OKLAHOMA,40,17,CANADIAN,31-MAY-13 17:51:00,CST-6,0,0,0,0,50.00K,EF0,1.61,500,35.45,-97.7
OKLAHOMA,40,109,OKLAHOMA,31-MAY-13 17:54:00,CST-6,0,0,0,0,100.00K,EF1,4.1,600,35.45,-97.67
OKLAHOMA,40,17,CANADIAN,31-MAY-13 17:55:00,CST-6,0,0,0,0,0.00K,EF0,0.47,50,35.44,-97.96
OKLAHOMA,40,105,NOWATA,31-MAY-13 18:21:00,CST-6,0,0,0,0,0.00K,EF0,1.1,310,36.99,-95.43
OKLAHOMA,40,109,OKLAHOMA,31-MAY-13 18:35:00,CST-6,0,0,0,0,20.00K,EF0,0.5,200,35.41,-97.46
OKLAHOMA,40,27,CLEVELAND,31-MAY-13 18:42:00,CST-6,0,0,0,0,100.00K,EF1,1,100,35.34,-97.61
OKLAHOMA,40,51,GRADY,31-MAY-13 18:45:00,CST-6,0,0,0,0,0.00K,EF0,0.2,50,35.32,-97.8
OKLAHOMA,40,109,OKLAHOMA,31-MAY-13 18:53:00,CST-6,8,0,0,0,80.00K,EF1,1.13,300,35.41,-97.55
OKLAHOMA,40,131,ROGERS,31-MAY-13 19:21:00,CST-6,0,0,0,0,0.00K,EF1,2.8,320,36.59,-95.73
OKLAHOMA,40,105,NOWATA,31-MAY-13 19:25:00,CST-6,0,0,0,0,0.00K,EF1,0.7,320,36.6,-95.69
OKLAHOMA,40,131,ROGERS,31-MAY-13 19:27:00,CST-6,0,0,0,0,0.00K,EF1,0.2,240,36.6,-95.68
OKLAHOMA,40,105,NOWATA,31-MAY-13 19:28:00,CST-6,2,0,0,0,75.00K,EF1,4.6,350,36.6,-95.67
OKLAHOMA,40,41,DELAWARE,31-MAY-13 22:23:00,CST-6,0,0,0,0,0.00K,EF1,1.8,500,36.54,-94.82
OKLAHOMA,40,145,WAGONER,23-JUL-13 23:06:00,CST-6,0,0,0,0,180.00K,EF1,3.5,850,35.96,-95.42
OKLAHOMA,40,95,MARSHALL,26-JUL-13 14:25:00,CST-6,0,0,0,0,0.00K,EF0,0.1,10,33.94,-96.73
OKLAHOMA,40,7,BEAVER,07-AUG-13 18:36:00,CST-6,0,0,0,0,0.00K,EF0,0.11,25,36.85,-100.94
OREGON,41,63,WALLOWA,09-MAY-13 14:30:00,PST-8,0,0,0,0,0.00K,EF0,0.1,10,45.52,-117.37
OREGON,41,71,YAMHILL,13-JUN-13 16:32:00,PST-8,0,0,0,0,0.00K,EF1,0.25,53,45.22,-123.19
OREGON,41,19,DOUGLAS,18-JUN-13 14:30:00,PST-8,0,0,0,0,1.00K,EF0,0.1,10,43.28,-123.42
PENNSYLVANIA,42,49,ERIE,28-MAY-13 18:35:00,EST-5,5,0,0,0,75.00K,EF1,1.69,50,41.92,-80.3
PENNSYLVANIA,42,49,ERIE,28-MAY-13 18:53:00,EST-5,2,0,0,0,300.00K,EF1,17.83,150,41.9,-80.13
PENNSYLVANIA,42,123,WARREN,28-MAY-13 20:25:00,EST-5,0,0,0,0,10.00K,EF0,2.76,50,41.89,-79.36
PENNSYLVANIA,42,123,WARREN,28-MAY-13 20:58:00,EST-5,0,0,0,0,2.00K,EF1,4.22,100,41.91,-79.09
PENNSYLVANIA,42,99,PERRY,27-JUN-13 13:19:00,EST-5,0,0,0,0,2.50K,EF1,3.02,50,40.26,-77.65
PENNSYLVANIA,42,27,CENTRE,27-JUN-13 15:05:00,EST-5,0,0,0,0,0.00K,EF1,1,75,40.78,-77.74
PENNSYLVANIA,42,73,LAWRENCE,10-JUL-13 15:42:00,EST-5,0,0,0,0,100.00K,EF1,1.16,250,40.9,-80.4
PENNSYLVANIA,42,105,POTTER,27-JUL-13 16:00:00,EST-5,0,0,0,0,30.00K,EF1,2.94,200,41.68,-77.99
PENNSYLVANIA,42,111,SOMERSET,07-AUG-13 18:20:00,EST-5,0,0,0,0,2.00K,EF0,0.22,75,40.11,-79.01
SOUTH CAROLINA,45,39,FAIRFIELD,28-APR-13 18:42:00,EST-5,0,0,0,0,10.00K,EF0,0.25,50,34.31,-80.91
SOUTH CAROLINA,45,7,ANDERSON,02-JUN-13 15:09:00,EST-5,0,0,0,0,150.00K,EF1,4.82,125,34.49,-82.79
SOUTH CAROLINA,45,75,ORANGEBURG,04-JUN-13 14:29:00,EST-5,0,0,0,0,340.00K,EF1,2.28,220,33.33,-80.59
SOUTH CAROLINA,45,35,DORCHESTER,04-JUN-13 14:39:00,EST-5,0,0,0,0,,EF1,3.12,264,33.31,-80.56
SOUTH CAROLINA,45,35,DORCHESTER,04-JUN-13 14:41:00,EST-5,0,0,0,0,,EF1,2.06,176,33.3,-80.56
SOUTH CAROLINA,45,45,GREENVILLE,10-JUN-13 12:20:00,EST-5,0,0,0,0,5.00K,EF0,1.34,80,34.72,-82.42
SOUTH CAROLINA,45,51,HORRY,29-JUN-13 15:15:00,EST-5,0,0,0,0,35.00K,EF0,0.11,30,33.65,-79.04
SOUTH CAROLINA,45,51,HORRY,29-JUN-13 15:26:00,EST-5,0,0,0,0,15.00K,EF0,0.07,50,33.7,-79.01
SOUTH CAROLINA,45,41,FLORENCE,02-JUL-13 17:59:00,EST-5,9,0,0,0,88.00K,EF1,3.08,90,,
SOUTH CAROLINA,45,13,BEAUFORT,13-JUL-13 08:01:00,EST-5,0,0,0,0,0.00K,EF0,0.01,25,32.38,-80.46
SOUTH DAKOTA,46,135,YANKTON,08-MAY-13 16:00:00,CST-6,0,0,0,0,0.00K,EF0,0.5,25,43.1,-97.35
SOUTH DAKOTA,46,7,BENNETT,28-MAY-13 17:13:00,MST-7,1,0,0,0,100.00K,EF1,0.1,20,,
SOUTH DAKOTA,46,59,HAND,21-JUN-13 12:58:00,CST-6,0,0,0,0,0.00K,EF0,0.21,25,44.66,-98.99
SOUTH DAKOTA,46,25,CLARK,21-JUN-13 13:55:00,CST-6,0,0,0,0,0.00K,EF0,2.34,25,44.66,-97.94
SOUTH DAKOTA,46,77,KINGSBURY,21-JUN-13 14:03:00,CST-6,0,0,0,0,,EF0,0.1,50,44.45,-97.85
SOUTH DAKOTA,46,25,CLARK,21-JUN-13 14:08:00,CST-6,0,0,0,0,,EF0,0.36,50,44.71,-97.91
SOUTH DAKOTA,46,77,KINGSBURY,21-JUN-13 14:10:00,CST-6,0,0,0,0,0.00K,EF0,0.1,50,44.49,-97.54
SOUTH DAKOTA,46,57,HAMLIN,21-JUN-13 14:34:00,CST-6,0,0,0,0,0.00K,EF0,0.37,50,44.61,-97.3
SOUTH DAKOTA,46,21,CAMPBELL,25-JUN-13 18:59:00,CST-6,0,0,0,0,0.00K,EF0,0.09,10,45.6,-99.88
SOUTH DAKOTA,46,55,HAAKON,30-JUL-13 14:35:00,MST-7,0,0,0,0,0.00K,EF0,0.01,10,,
SOUTH DAKOTA,46,103,PENNINGTON,11-AUG-13 13:28:00,MST-7,0,0,0,0,25.00K,EF1,1.28,30,,
SOUTH DAKOTA,46,33,CUSTER,30-AUG-13 14:44:00,MST-7,0,0,0,0,0.00K,EF0,0.01,10,,
SOUTH DAKOTA,46,127,UNION,04-OCT-13 17:28:00,CST-6,0,0,0,0,250.00K,EF1,4.18,400,42.51,-96.58
SOUTH DAKOTA,46,127,UNION,04-OCT-13 17:35:00,CST-6,0,0,0,0,200.00K,EF1,4.75,800,42.57,-96.56
TENNESSEE,47,149,RUTHERFORD,13-JAN-13 15:36:00,CST-6,0,0,0,0,25.00K,EF0,1.59,100,35.72,-86.67
TENNESSEE,47,85,HUMPHREYS,30-JAN-13 02:12:00,CST-6,0,0,0,0,200.00K,EF1,2.32,150,35.97,-87.8
TENNESSEE,47,81,HICKMAN,30-JAN-13 02:26:00,CST-6,0,0,0,0,500.00K,EF2,2.98,300,35.78,-87.65
TENNESSEE,47,181,WAYNE,30-JAN-13 02:32:00,CST-6,0,0,0,0,150.00K,EF1,7.53,100,35.43,-87.78
TENNESSEE,47,101,LEWIS,30-JAN-13 02:40:00,CST-6,0,0,0,0,300.00K,EF1,7.7,100,35.47,-87.66
TENNESSEE,47,43,DICKSON,30-JAN-13 02:45:00,CST-6,0,0,0,0,75.00K,EF0,2.82,100,36.08,-87.22
TENNESSEE,47,21,CHEATHAM,30-JAN-13 02:47:00,CST-6,0,0,0,0,25.00K,EF0,4.43,100,36.09,-87.17
TENNESSEE,47,21,CHEATHAM,30-JAN-13 02:52:00,CST-6,1,0,0,0,50.00K,EF0,0.24,75,36.28,-87.06
TENNESSEE,47,147,ROBERTSON,30-JAN-13 02:59:00,CST-6,0,0,0,0,750.00K,EF2,4.97,200,36.44,-86.91
TENNESSEE,47,37,DAVIDSON,30-JAN-13 03:00:00,CST-6,0,0,0,0,10.00K,EF0,5.55,50,36.33,-86.92
TENNESSEE,47,187,WILLIAMSON,30-JAN-13 03:01:00,CST-6,0,0,0,0,60.00K,EF0,0.92,75,35.88,-87.12
TENNESSEE,47,147,ROBERTSON,30-JAN-13 03:05:00,CST-6,0,0,0,0,250.00K,EF1,5.75,150,36.48,-86.81
TENNESSEE,47,37,DAVIDSON,30-JAN-13 03:10:00,CST-6,0,0,0,0,70.00K,EF0,2.33,75,36.36,-86.77
TENNESSEE,47,147,ROBERTSON,30-JAN-13 03:12:00,CST-6,1,0,0,0,750.00K,EF1,4.85,100,36.51,-86.72
TENNESSEE,47,37,DAVIDSON,30-JAN-13 03:12:00,CST-6,1,0,0,0,150.00K,EF0,3.2,75,36.21,-86.77
TENNESSEE,47,165,SUMNER,30-JAN-13 03:12:00,CST-6,0,0,0,0,120.00K,EF0,9.32,75,36.36,-86.73
TENNESSEE,47,165,SUMNER,30-JAN-13 03:16:00,CST-6,0,0,0,0,19.00K,EF0,1.13,50,36.53,-86.63
TENNESSEE,47,187,WILLIAMSON,30-JAN-13 03:18:00,CST-6,0,0,0,0,100.00K,EF0,2,75,35.93,-86.86
TENNESSEE,47,165,SUMNER,30-JAN-13 03:23:00,CST-6,0,0,0,0,225.00K,EF0,10.61,125,36.33,-86.55
TENNESSEE,47,189,WILSON,30-JAN-13 03:25:00,CST-6,0,0,0,0,1.00M,EF2,4.53,150,36.22,-86.55
TENNESSEE,47,165,SUMNER,30-JAN-13 03:34:00,CST-6,0,0,0,0,65.00K,EF0,3.63,100,36.4,-86.34
TENNESSEE,47,165,SUMNER,30-JAN-13 03:37:00,CST-6,0,0,0,0,45.00K,EF0,5.63,50,36.46,-86.34
TENNESSEE,47,189,WILSON,30-JAN-13 03:40:00,CST-6,0,0,0,0,800.00K,EF1,3.68,150,36.28,-86.33
TENNESSEE,47,187,WILLIAMSON,30-JAN-13 03:41:00,CST-6,0,0,0,0,80.00K,EF0,0.29,50,35.74,-86.7
TENNESSEE,47,149,RUTHERFORD,30-JAN-13 03:42:00,CST-6,0,0,0,0,450.00K,EF1,4.3,150,35.74,-86.7
TENNESSEE,47,169,TROUSDALE,30-JAN-13 03:42:00,CST-6,0,0,0,0,,EF0,0.21,50,36.47,-86.24
TENNESSEE,47,169,TROUSDALE,30-JAN-13 03:43:00,CST-6,0,0,0,0,100.00K,EF1,1.45,150,36.3,-86.27
TENNESSEE,47,189,WILSON,30-JAN-13 03:45:00,CST-6,0,0,0,0,125.00K,EF1,2.71,150,36.31,-86.25
TENNESSEE,47,111,MACON,30-JAN-13 03:47:00,CST-6,0,0,0,0,85.00K,EF0,0.97,50,36.49,-86.15
TENNESSEE,47,169,TROUSDALE,30-JAN-13 03:48:00,CST-6,0,0,0,0,15.00K,EF1,2.19,150,36.33,-86.2
TENNESSEE,47,111,MACON,30-JAN-13 04:01:00,CST-6,0,0,0,0,175.00K,EF0,1.53,75,36.55,-85.92
TENNESSEE,47,15,CANNON,30-JAN-13 04:29:00,CST-6,0,0,0,0,75.00K,EF0,6.65,200,35.84,-86.08
TENNESSEE,47,103,LINCOLN,30-JAN-13 04:46:00,CST-6,0,0,0,0,0.00K,EF1,5.28,250,35.1,-86.78
TENNESSEE,47,31,COFFEE,30-JAN-13 05:26:00,CST-6,0,0,0,0,50.00K,EF0,4.57,75,35.49,-86.08
TENNESSEE,47,25,CLAIBORNE,03-MAR-13 18:04:00,EST-5,0,0,0,0,,EF1,1.45,35,36.43,-83.6
TENNESSEE,47,85,HUMPHREYS,18-MAR-13 06:40:00,CST-6,0,0,0,0,50.00K,EF1,1.49,150,36.19,-87.63
TENNESSEE,47,83,HOUSTON,18-MAR-13 06:42:00,CST-6,0,0,0,0,25.00K,EF1,2.6,150,36.19,-87.6
TENNESSEE,47,43,DICKSON,18-MAR-13 06:45:00,CST-6,0,0,0,0,250.00K,EF1,6.53,150,36.2,-87.56
TENNESSEE,47,119,MAURY,18-MAR-13 10:22:00,CST-6,0,0,0,0,50.00K,EF0,3.7,50,35.5,-86.95
TENNESSEE,47,3,BEDFORD,18-MAR-13 10:47:00,CST-6,0,0,0,0,50.00K,EF0,3.89,50,35.58,-86.66
TENNESSEE,47,149,RUTHERFORD,18-MAR-13 11:12:00,CST-6,0,0,0,0,50.00K,EF0,3.8,100,35.71,-86.35
TENNESSEE,47,103,LINCOLN,19-APR-13 01:03:00,CST-6,0,0,0,0,,EF1,3.1,400,35.22,-86.44
TENNESSEE,47,127,MOORE,19-APR-13 01:09:00,CST-6,0,0,0,0,,EF1,4.17,400,35.23,-86.39
TENNESSEE,47,47,FAYETTE,27-APR-13 20:13:00,CST-6,1,0,0,0,100.00K,EF1,1.12,250,35.37,-89.5
TENNESSEE,47,47,FAYETTE,27-APR-13 20:13:00,CST-6,1,0,0,0,100.00K,EF1,1.12,250,35.37,-89.5
TENNESSEE,47,167,TIPTON,31-MAY-13 05:05:00,CST-6,0,0,0,0,180.00K,EF1,0.83,250,35.62,-89.7
TENNESSEE,47,51,FRANKLIN,09-JUN-13 17:09:00,CST-6,0,0,0,0,,EF1,2.85,150,,
TENNESSEE,47,51,FRANKLIN,09-JUN-13 17:32:00,CST-6,0,0,0,0,,EF0,0.29,50,,
TENNESSEE,47,89,JEFFERSON,13-JUN-13 14:11:00,EST-5,0,0,0,0,50.00K,EF1,2,120,36.13,-83.63
TENNESSEE,47,155,SEVIER,13-JUN-13 14:55:00,EST-5,0,0,0,0,50.00K,EF1,0.5,150,35.79,-83.34
TENNESSEE,47,131,OBION,05-OCT-13 17:52:00,CST-6,0,0,0,0,0.00K,EF0,0.18,25,36.23,-89.25
TENNESSEE,47,147,ROBERTSON,17-NOV-13 18:31:00,CST-6,0,0,0,0,200.00K,EF1,0.97,100,36.59,-86.69
TENNESSEE,47,165,SUMNER,17-NOV-13 18:42:00,CST-6,0,0,0,0,200.00K,EF0,0.35,50,36.59,-86.52
TENNESSEE,47,103,LINCOLN,17-NOV-13 21:37:00,CST-6,0,0,0,0,,EF0,0.57,25,35.22,-86.64
TEXAS,48,499,WOOD,29-JAN-13 18:15:00,CST-6,0,0,0,0,5.00K,EF0,0.19,325,32.7,-95.55
TEXAS,48,373,POLK,10-FEB-13 09:15:00,CST-6,1,0,0,0,50.00K,EF0,0.51,30,30.71,-94.87
TEXAS,48,407,SAN JACINTO,18-FEB-13 14:03:00,CST-6,0,0,0,0,150.00K,EF1,0.57,30,30.49,-94.95
TEXAS,48,401,RUSK,18-FEB-13 17:13:00,CST-6,0,0,0,0,0.00K,EF0,0.73,30,32.31,-94.8
TEXAS,48,401,RUSK,18-FEB-13 17:18:00,CST-6,0,0,0,0,0.00K,EF0,0.01,20,32.32,-94.73
TEXAS,48,401,RUSK,18-FEB-13 17:27:00,CST-6,0,0,0,0,0.00K,EF0,1.23,15,32.02,-94.92
TEXAS,48,401,RUSK,18-FEB-13 17:27:00,CST-6,0,0,0,0,0.00K,EF0,1.55,30,32.3,-94.66
TEXAS,48,401,RUSK,18-FEB-13 17:48:00,CST-6,0,0,0,0,30.00K,EF1,1.97,60,31.97,-94.76
TEXAS,48,365,PANOLA,18-FEB-13 17:57:00,CST-6,0,0,0,0,0.00K,EF0,1.2,50,32.3,-94.42
TEXAS,48,401,RUSK,18-FEB-13 18:01:00,CST-6,0,0,0,0,0.00K,EF0,0.01,10,31.96,-94.66
TEXAS,48,365,PANOLA,18-FEB-13 18:05:00,CST-6,0,0,0,0,0.00K,EF0,0.81,30,32.28,-94.35
TEXAS,48,401,RUSK,18-FEB-13 18:12:00,CST-6,0,0,0,0,5.00K,EF0,0.01,20,31.93,-94.59
TEXAS,48,365,PANOLA,18-FEB-13 18:13:00,CST-6,0,0,0,0,0.00K,EF0,0.01,10,32.29,-94.28
TEXAS,48,401,RUSK,18-FEB-13 18:19:00,CST-6,0,0,0,0,10.00K,EF1,0.01,20,31.92,-94.53
TEXAS,48,365,PANOLA,18-FEB-13 18:19:00,CST-6,0,0,0,0,0.00K,EF0,0.01,20,32.26,-94.23
TEXAS,48,419,SHELBY,18-FEB-13 18:37:00,CST-6,0,0,0,0,0.00K,EF0,0.01,10,31.91,-94.4
TEXAS,48,403,SABINE,21-FEB-13 13:10:00,CST-6,2,0,1,0,250.00K,EF1,4.47,150,31.32,-93.98
TEXAS,48,45,BRISCOE,01-APR-13 15:40:00,CST-6,0,0,0,0,5.00K,EF1,1.84,100,34.43,-101.22
TEXAS,48,43,BREWSTER,13-APR-13 14:30:00,CST-6,0,0,0,0,,EF0,2.61,300,30.3,-103.78
TEXAS,48,487,WILBARGER,17-APR-13 19:03:00,CST-6,0,0,0,0,5.00K,EF0,1.03,100,34.17,-98.98
TEXAS,48,487,WILBARGER,17-APR-13 19:11:00,CST-6,0,0,0,0,0.00K,EF0,0.16,100,34.2,-98.97
TEXAS,48,409,SAN PATRICIO,29-APR-13 12:01:00,CST-6,0,0,0,0,0.00K,EF0,1.66,20,28.04,-97.38
TEXAS,48,409,SAN PATRICIO,29-APR-13 12:26:00,CST-6,0,0,0,0,0.00K,EF0,0.1,10,28.1,-97.38
TEXAS,48,391,REFUGIO,29-APR-13 12:56:00,CST-6,0,0,0,0,0.00K,EF0,0.22,10,28.42,-97.13
TEXAS,48,303,LUBBOCK,30-APR-13 16:18:00,CST-6,0,0,0,0,0.00K,EF0,0.12,10,33.45,-101.86
TEXAS,48,433,STONEWALL,08-MAY-13 16:55:00,CST-6,0,0,0,0,0.00K,EF0,0.01,40,,
TEXAS,48,337,MONTAGUE,15-MAY-13 16:33:00,CST-6,0,0,0,0,30.00K,EF0,1.11,70,33.81,-97.88
TEXAS,48,333,MILLS,15-MAY-13 17:14:00,CST-6,0,0,0,0,0.00K,EF0,3.42,50,31.66,-98.58
TEXAS,48,363,PALO PINTO,15-MAY-13 17:41:00,CST-6,0,0,0,0,0.00K,EF0,0.3,50,32.77,-98.07
TEXAS,48,337,MONTAGUE,15-MAY-13 17:50:00,CST-6,1,0,0,0,100.00K,EF1,1.01,200,33.84,-97.68
TEXAS,48,337,MONTAGUE,15-MAY-13 17:51:00,CST-6,0,0,0,0,125.00K,EF1,3.63,240,33.43,-97.89
TEXAS,48,367,PARKER,15-MAY-13 18:03:00,CST-6,0,0,0,0,60.00K,EF1,1.95,400,32.75,-98.03
TEXAS,48,337,MONTAGUE,15-MAY-13 18:18:00,CST-6,0,0,0,0,40.00K,EF0,0.94,150,33.84,-97.59
TEXAS,48,367,PARKER,15-MAY-13 18:22:00,CST-6,0,0,0,0,0.00K,EF0,0.49,70,32.72,-97.94
TEXAS,48,497,WISE,15-MAY-13 18:35:00,CST-6,0,0,0,0,0.00K,EF0,0.69,25,33.41,-97.67
TEXAS,48,367,PARKER,15-MAY-13 18:53:00,CST-6,0,0,0,0,40.00K,EF0,1.46,200,32.64,-97.81
TEXAS,48,221,HOOD,15-MAY-13 18:58:00,CST-6,54,0,6,0,143.00M,EF4,2.5,400,32.41,-97.75
TEXAS,48,367,PARKER,15-MAY-13 19:05:00,CST-6,0,0,0,0,20.00K,EF0,0.12,20,32.57,-97.67
TEXAS,48,221,HOOD,15-MAY-13 19:09:00,CST-6,0,0,0,0,100.00K,EF0,1.02,300,32.36,-97.63
TEXAS,48,251,JOHNSON,15-MAY-13 19:11:00,CST-6,0,0,0,0,260.00K,EF1,1.42,300,32.35,-97.62
TEXAS,48,251,JOHNSON,15-MAY-13 19:19:00,CST-6,0,0,0,0,10.00K,EF0,0.19,30,32.55,-97.66
TEXAS,48,193,HAMILTON,15-MAY-13 19:34:00,CST-6,0,0,0,0,0.00K,EF0,0.21,30,31.51,-98.14
TEXAS,48,193,HAMILTON,15-MAY-13 19:35:00,CST-6,0,0,0,0,0.00K,EF0,1.04,40,31.5,-98.14
TEXAS,48,251,JOHNSON,15-MAY-13 20:12:00,CST-6,7,0,0,0,124.00M,EF3,7.79,1733,32.26,-97.5
TEXAS,48,251,JOHNSON,15-MAY-13 20:45:00,CST-6,0,0,0,0,0.00K,EF0,1.28,400,32.31,-97.3
TEXAS,48,139,ELLIS,15-MAY-13 23:05:00,CST-6,1,0,0,0,650.00K,EF1,6.17,400,32.33,-96.63
TEXAS,48,203,HARRISON,16-MAY-13 13:20:00,CST-6,1,0,0,0,100.00K,EF1,1.43,500,32.49,-94.15
TEXAS,48,203,HARRISON,16-MAY-13 13:34:00,CST-6,0,0,0,0,50.00K,EF1,0.42,200,32.46,-94.06
TEXAS,48,503,YOUNG,17-MAY-13 18:34:00,CST-6,0,0,0,0,0.00K,EF0,1.02,75,32.99,-98.81
TEXAS,48,503,YOUNG,17-MAY-13 18:50:00,CST-6,0,0,0,0,80.00K,EF1,3.14,20,33,-98.78
TEXAS,48,49,BROWN,20-MAY-13 15:35:00,CST-6,0,0,0,0,0.00K,EF0,1.17,50,31.86,-99.01
TEXAS,48,337,MONTAGUE,20-MAY-13 16:41:00,CST-6,0,0,0,0,0.00K,EF0,0.92,50,33.8,-97.93
TEXAS,48,49,BROWN,20-MAY-13 16:41:00,CST-6,0,0,0,0,100.00K,EF1,3.65,350,31.83,-98.79
TEXAS,48,49,BROWN,20-MAY-13 17:00:00,CST-6,0,0,0,0,0.00K,EF0,0.2,50,31.73,-98.78
TEXAS,48,333,MILLS,20-MAY-13 18:25:00,CST-6,0,0,0,0,0.00K,EF0,1.08,100,31.68,-98.48
TEXAS,48,153,FLOYD,23-MAY-13 12:53:00,CST-6,0,0,0,0,0.00K,EF0,0.01,30,,
TEXAS,48,153,FLOYD,23-MAY-13 13:22:00,CST-6,0,0,0,0,0.00K,EF0,0.01,30,,
TEXAS,48,153,FLOYD,23-MAY-13 13:30:00,CST-6,0,0,0,0,0.00K,EF0,0.67,50,,
TEXAS,48,125,DICKENS,23-MAY-13 15:15:00,CST-6,0,0,0,0,0.00K,EF1,1.94,300,,
TEXAS,48,151,FISHER,23-MAY-13 17:12:00,CST-6,0,0,0,0,100.00K,EF0,1,175,32.86,-100.45
TEXAS,48,493,WILSON,25-MAY-13 02:45:00,CST-6,0,0,0,0,25.00K,EF0,0.3,50,29.34,-98.12
TEXAS,48,29,BEXAR,25-MAY-13 04:25:00,CST-6,0,0,0,0,100.00K,EF0,0.4,100,29.55,-98.35
TEXAS,48,469,VICTORIA,25-MAY-13 12:47:00,CST-6,0,0,0,0,0.00K,EF0,1.25,25,28.87,-96.98
TEXAS,48,117,DEAF SMITH,28-MAY-13 17:45:00,CST-6,0,0,0,0,0.00K,EF0,2.14,75,34.79,-102.96
TEXAS,48,117,DEAF SMITH,28-MAY-13 20:06:00,CST-6,0,0,0,0,0.00K,EF0,2.06,150,34.99,-102.92
TEXAS,48,45,BRISCOE,29-MAY-13 14:30:00,CST-6,0,0,0,0,5.00K,EF0,0.68,50,,
TEXAS,48,191,HALL,29-MAY-13 14:44:00,CST-6,0,0,0,0,0.00K,EF0,0.56,50,,
TEXAS,48,355,NUECES,02-JUN-13 09:50:00,CST-6,0,0,0,0,0.00K,EF0,0.21,10,27.68,-97.53
TEXAS,48,463,UVALDE,14-JUN-13 08:50:00,CST-6,0,0,0,0,25.00K,EF0,1.9,50,29.33,-99.73
TEXAS,48,219,HOCKLEY,19-JUN-13 16:32:00,CST-6,0,0,0,0,50.00K,EF2,5.2,350,33.48,-102.56
TEXAS,48,303,LUBBOCK,01-AUG-13 15:42:00,CST-6,0,0,0,0,0.00K,EF0,0.74,25,,
TEXAS,48,303,LUBBOCK,01-AUG-13 15:46:00,CST-6,0,0,0,0,0.00K,EF0,0.43,25,,
TEXAS,48,303,LUBBOCK,07-AUG-13 15:48:00,CST-6,0,0,0,0,0.00K,EF0,0.01,10,,
TEXAS,48,421,SHERMAN,14-AUG-13 16:45:00,CST-6,0,0,0,0,0.00K,EF0,1,50,36.34,-101.82
TEXAS,48,233,HUTCHINSON,14-AUG-13 17:40:00,CST-6,0,0,0,0,0.00K,EF0,0.11,40,35.95,-101.57
TEXAS,48,189,HALE,14-AUG-13 21:58:00,CST-6,0,0,0,0,250.00K,EF0,0.07,25,,
TEXAS,48,121,DENTON,12-OCT-13 13:35:00,CST-6,0,0,0,0,0.00K,EF0,0.01,20,33.36,-97.1
TEXAS,48,273,KLEBERG,18-OCT-13 17:51:00,CST-6,0,0,0,0,0.00K,EF0,0.2,25,27.54,-97.77
TEXAS,48,273,KLEBERG,21-OCT-13 16:08:00,CST-6,0,0,0,0,0.00K,EF0,0.18,25,27.43,-97.8
TEXAS,48,241,JASPER,31-OCT-13 06:00:00,CST-6,0,0,0,0,50.00K,EF1,1.26,50,30.84,-93.98
TEXAS,48,361,ORANGE,31-OCT-13 08:39:00,CST-6,0,0,0,0,100.00K,EF1,5.93,200,30.04,-93.87
TEXAS,48,457,TYLER,21-DEC-13 13:58:00,CST-6,0,0,0,0,20.00K,EF1,0.87,25,30.74,-94.5
TEXAS,48,457,TYLER,21-DEC-13 14:22:00,CST-6,0,0,0,0,75.00K,EF1,1.48,25,30.79,-94.2
TEXAS,48,241,JASPER,21-DEC-13 14:50:00,CST-6,0,0,0,0,40.00K,EF1,0.4,25,30.7,-94.02
UTAH,49,49,UTAH,07-SEP-13 15:40:00,MST-7,0,0,0,0,10.00K,EF0,0.1,3,,
VIRGINIA,51,177,SPOTSYLVANIA,19-APR-13 17:36:00,EST-5,0,0,0,0,40.00K,EF1,0.75,150,38.3,-78.49
VIRGINIA,51,7,AMELIA,10-JUN-13 17:13:00,EST-5,0,0,0,0,0.00K,EF0,100,25,37.28,-78.13
VIRGINIA,51,177,SPOTSYLVANIA,13-JUN-13 13:26:00,EST-5,0,0,0,0,0.00K,EF0,6.94,50,38.2,-77.66
VIRGINIA,51,177,SPOTSYLVANIA,13-JUN-13 13:35:00,EST-5,0,0,0,0,10.00K,EF0,2.45,75,38.1,-77.54
VIRGINIA,51,99,KING GEORGE,13-JUN-13 13:57:00,EST-5,0,0,0,0,0.00K,EF0,7.14,50,38.18,-77.18
WASHINGTON,53,11,CLARK,21-MAR-13 16:00:00,PST-8,0,0,0,0,10.00K,EF0,0.01,10,45.75,-122.45
WASHINGTON,53,53,PIERCE,30-SEP-13 06:20:00,PST-8,0,0,0,0,25.00K,EF1,1,75,,
WISCONSIN,55,43,GRANT,29-MAY-13 16:51:00,CST-6,0,0,0,0,0.00K,EF0,1.56,10,42.9,-91.14
WISCONSIN,55,21,COLUMBIA,22-JUN-13 19:55:00,CST-6,0,0,0,0,,EF1,3.22,125,43.36,-89.35
WISCONSIN,55,69,LINCOLN,09-JUL-13 13:59:00,CST-6,0,0,0,0,0.00K,EF0,4.1,100,45.28,-89.69
WISCONSIN,55,67,LANGLADE,09-JUL-13 14:32:00,CST-6,0,0,0,0,0.00K,EF0,9.52,100,45.26,-89.42
WISCONSIN,55,97,PORTAGE,09-JUL-13 16:44:00,CST-6,0,0,0,0,0.00K,EF0,0.16,25,44.26,-89.53
WISCONSIN,55,83,OCONTO,09-JUL-13 18:50:00,CST-6,0,0,0,0,25.00K,EF0,1.58,100,44.94,-87.86
WISCONSIN,55,35,EAU CLAIRE,22-JUL-13 15:45:00,CST-6,0,0,0,0,5.00K,EF0,0.29,10,44.66,-91.2
WISCONSIN,55,121,TREMPEALEAU,22-JUL-13 16:15:00,CST-6,0,0,0,0,22.00K,EF0,1.1,40,44.04,-91.55
WISCONSIN,55,135,WAUPACA,06-AUG-13 23:22:00,CST-6,2,0,0,0,25.00K,EF1,5.02,125,44.35,-88.84
WISCONSIN,55,135,WAUPACA,06-AUG-13 23:24:00,CST-6,0,0,0,0,1.00M,EF2,2.1,175,44.38,-88.77
WISCONSIN,55,87,OUTAGAMIE,06-AUG-13 23:25:00,CST-6,0,0,0,0,2.50M,EF1,10.97,175,44.37,-88.74
WISCONSIN,55,87,OUTAGAMIE,06-AUG-13 23:26:00,CST-6,0,0,0,0,0.00K,EF1,4.77,125,44.34,-88.74
WISCONSIN,55,87,OUTAGAMIE,06-AUG-13 23:38:00,CST-6,0,0,0,0,10.00M,EF1,13.72,150,44.3,-88.46
WISCONSIN,55,87,OUTAGAMIE,06-AUG-13 23:38:00,CST-6,0,0,0,0,1.50M,EF1,11.31,175,44.34,-88.42
WISCONSIN,55,87,OUTAGAMIE,06-AUG-13 23:40:00,CST-6,0,0,0,0,1.50M,EF1,9.14,200,44.37,-88.37
WISCONSIN,55,9,BROWN,06-AUG-13 23:48:00,CST-6,0,0,0,0,2.00M,EF0,15.22,250,44.35,-88.19
WISCONSIN,55,9,BROWN,06-AUG-13 23:48:00,CST-6,0,0,0,0,500.00K,EF1,7.84,175,44.31,-88.19
WISCONSIN,55,9,BROWN,06-AUG-13 23:49:00,CST-6,0,0,0,0,0.00K,EF1,1.48,150,44.25,-88.19
WISCONSIN,55,15,CALUMET,06-AUG-13 23:50:00,CST-6,0,0,0,0,200.00K,EF1,5.49,175,44.24,-88.16
WISCONSIN,55,9,BROWN,06-AUG-13 23:59:00,CST-6,0,0,0,0,0.00K,EF1,5.53,100,44.43,-87.88
WISCONSIN,55,71,MANITOWOC,07-AUG-13 00:01:00,CST-6,0,0,0,0,100.00K,EF1,8.74,250,44.31,-87.89
WISCONSIN,55,61,KEWAUNEE,07-AUG-13 00:06:00,CST-6,0,0,0,0,50.00K,EF1,5.06,100,44.42,-87.77
WISCONSIN,55,17,CHIPPEWA,21-AUG-13 16:24:00,CST-6,0,0,0,0,25.00K,EF0,1.2,25,44.97,-91.23
WISCONSIN,55,77,MARQUETTE,05-OCT-13 17:23:00,CST-6,0,0,0,0,50.00K,EF0,1.78,50,43.7,-89.48
WYOMING,56,29,PARK,27-MAY-13 10:00:00,MST-7,0,0,0,0,0.00K,EF0,6.27,20,44.33,-108.83
WYOMING,56,31,PLATTE,22-JUN-13 12:58:00,MST-7,0,0,0,0,0.00K,EF0,0.37,30,41.98,-104.97
WYOMING,56,25,NATRONA,22-JUN-13 13:06:00,MST-7,0,0,0,0,0.00K,EF0,0.08,20,42.96,-106.09
WYOMING,56,15,GOSHEN,22-JUN-13 14:54:00,MST-7,0,0,0,0,0.00K,EF0,0.39,30,41.85,-104.51
WYOMING,56,15,GOSHEN,22-JUN-13 15:30:00,MST-7,0,0,0,0,0.00K,EF0,4.25,40,41.72,-104.17
WYOMING,56,21,LARAMIE,29-JUL-13 17:03:00,MST-7,0,0,0,0,0.00K,EF0,1.25,50,41.27,-105.05
WYOMING,56,25,NATRONA,12-AUG-13 12:30:00,MST-7,0,0,0,0,0.00K,EF0,0.09,10,42.55,-106.77
WYOMING,56,37,SWEETWATER,15-SEP-13 16:11:00,MST-7,0,0,0,0,0.00K,EF0,0.05,30,,